score,target,id,method
0.998998998998999,0,1,beta
0.9990077033555295,1,1,beta
0.9990164077120599,1,1,beta
0.9990251120685903,1,1,beta
0.9990338164251208,1,1,beta
0.9990425207816512,1,1,beta
0.9990512251381817,1,1,beta
0.9990599294947121,1,1,beta
0.9990686338512426,1,1,beta
0.999077338207773,1,1,beta
0.9990860425643034,1,1,beta
0.9990947469208339,1,1,beta
0.9991034512773643,1,1,beta
0.9991121556338948,1,1,beta
0.9991208599904252,1,1,beta
0.9991295643469557,1,1,beta
0.9991382687034861,1,1,beta
0.9991469730600165,1,1,beta
0.999155677416547,1,1,beta
0.9991643817730774,1,1,beta
0.9991730861296079,1,1,beta
0.9991817904861383,1,1,beta
0.9991904948426688,1,1,beta
0.9991991991991992,1,1,beta
0.9992079035557296,1,1,beta
0.9992166079122601,1,1,beta
0.9992253122687905,1,1,beta
0.999234016625321,1,1,beta
0.9992427209818514,1,1,beta
0.9992514253383818,1,1,beta
0.9992601296949123,1,1,beta
0.9992688340514427,1,1,beta
0.9992775384079732,1,1,beta
0.9992862427645036,1,1,beta
0.9992949471210341,1,1,beta
0.9993036514775645,1,1,beta
0.999312355834095,1,1,beta
0.9993210601906254,1,1,beta
0.9993297645471558,1,1,beta
0.9993384689036863,1,1,beta
0.9993471732602167,1,1,beta
0.9993558776167472,1,1,beta
0.9993645819732776,1,1,beta
0.999373286329808,1,1,beta
0.9993819906863385,1,1,beta
0.9993906950428689,1,1,beta
0.9993993993993994,1,1,beta
0.9994081037559298,1,1,beta
0.9994168081124603,1,1,beta
0.9994255124689907,1,1,beta
0.9994342168255211,1,1,beta
0.9994429211820516,1,1,beta
0.999451625538582,1,1,beta
0.9994603298951125,1,1,beta
0.9994690342516429,1,1,beta
0.9994777386081733,1,1,beta
0.9994864429647038,1,1,beta
0.9994951473212342,1,1,beta
0.9995038516777648,1,1,beta
0.9995125560342952,1,1,beta
0.9995212603908257,1,1,beta
0.9995299647473561,1,1,beta
0.9995386691038866,1,1,beta
0.999547373460417,1,1,beta
0.9995560778169474,1,1,beta
0.9995647821734779,1,1,beta
0.9995734865300083,1,1,beta
0.9995821908865388,1,1,beta
0.9995908952430692,1,1,beta
0.9995995995995997,1,1,beta
0.9996083039561301,1,1,beta
0.9996170083126605,1,1,beta
0.999625712669191,1,1,beta
0.9996344170257214,1,1,beta
0.9996431213822519,1,1,beta
0.9996518257387823,1,1,beta
0.9996605300953127,1,1,beta
0.9996692344518432,1,1,beta
0.9996779388083736,1,1,beta
0.9996866431649041,1,1,beta
0.9996953475214345,1,1,beta
0.999704051877965,1,1,beta
0.9997127562344954,1,1,beta
0.9997214605910258,1,1,beta
0.9997301649475563,1,1,beta
0.9997388693040867,1,1,beta
0.9997475736606172,1,1,beta
0.9997562780171476,1,1,beta
0.9997649823736781,1,1,beta
0.9997736867302085,1,1,beta
0.9997823910867389,1,1,beta
0.9997910954432694,1,1,beta
0.9997997997997998,1,1,beta
0.9998085041563303,1,1,beta
0.9998172085128607,1,1,beta
0.9998259128693912,1,1,beta
0.9998346172259216,1,1,beta
0.999843321582452,1,1,beta
0.9998520259389825,1,1,beta
0.9998607302955129,1,1,beta
0.9998694346520434,1,1,beta
0.9998781390085738,1,1,beta
0.9998868433651042,1,1,beta
0.9998955477216347,1,1,beta
0.9999042520781651,1,1,beta
0.9999129564346956,1,1,beta
0.999921660791226,1,1,beta
0.9999303651477565,1,1,beta
0.9999390695042869,1,1,beta
0.9999477738608173,1,1,beta
0.9999564782173478,1,1,beta
0.9999651825738782,1,1,beta
0.9999738869304087,1,1,beta
0.9999825912869391,1,1,beta
0.9999912956434696,1,1,beta
1.0,1,1,beta
0.997997997997998,1,1,beta
0.9980749980749981,1,1,beta
0.9981519981519982,1,1,beta
0.9982289982289982,1,1,beta
0.9983059983059983,1,1,beta
0.9983829983829984,1,1,beta
0.9984599984599984,1,1,beta
0.9985369985369986,1,1,beta
0.9986139986139987,1,1,beta
0.9986909986909988,1,1,beta
0.9987679987679988,1,1,beta
0.9988449988449989,1,1,beta
0.998921998921999,1,1,beta
0.998998998998999,1,1,beta
0.996996996996997,0,1,beta
0.997122122122122,1,1,beta
0.9972472472472472,1,1,beta
0.9973723723723724,1,1,beta
0.9974974974974975,1,1,beta
0.9976226226226226,1,1,beta
0.9977477477477478,1,1,beta
0.997872872872873,1,1,beta
0.997997997997998,1,1,beta
0.995995995995996,1,1,beta
0.9961628294961629,1,1,beta
0.9963296629963296,1,1,beta
0.9964964964964964,1,1,beta
0.9966633299966633,1,1,beta
0.9968301634968302,1,1,beta
0.996996996996997,1,1,beta
0.994994994994995,0,1,beta
0.9951618284951618,1,1,beta
0.9953286619953287,1,1,beta
0.9954954954954955,1,1,beta
0.9956623289956623,1,1,beta
0.9958291624958291,1,1,beta
0.995995995995996,1,1,beta
0.993993993993994,1,1,beta
0.9943276609943277,1,1,beta
0.9946613279946613,1,1,beta
0.994994994994995,1,1,beta
0.992992992992993,0,1,beta
0.9932432432432433,1,1,beta
0.9934934934934936,1,1,beta
0.9937437437437437,1,1,beta
0.993993993993994,1,1,beta
0.991991991991992,1,1,beta
0.9923256589923256,1,1,beta
0.9926593259926594,1,1,beta
0.992992992992993,1,1,beta
0.990990990990991,0,1,beta
0.9913246579913246,1,1,beta
0.9916583249916583,1,1,beta
0.991991991991992,1,1,beta
0.98998998998999,1,1,beta
0.9904904904904905,1,1,beta
0.990990990990991,1,1,beta
0.988988988988989,0,1,beta
0.9894894894894894,1,1,beta
0.98998998998999,1,1,beta
0.9879879879879879,1,1,beta
0.9884884884884885,1,1,beta
0.988988988988989,1,1,beta
0.986986986986987,0,1,beta
0.9874874874874875,1,1,beta
0.9879879879879879,1,1,beta
0.985985985985986,1,1,beta
0.986986986986987,1,1,beta
0.984984984984985,0,1,beta
0.9854854854854855,1,1,beta
0.985985985985986,1,1,beta
0.983983983983984,1,1,beta
0.984984984984985,1,1,beta
0.9829829829829829,0,1,beta
0.9834834834834835,1,1,beta
0.983983983983984,1,1,beta
0.9819819819819819,1,1,beta
0.9829829829829829,1,1,beta
0.980980980980981,0,1,beta
0.9814814814814814,1,1,beta
0.9819819819819819,1,1,beta
0.97997997997998,1,1,beta
0.978978978978979,0,1,beta
0.9794794794794794,1,1,beta
0.97997997997998,1,1,beta
0.9779779779779779,1,1,beta
0.9769769769769769,0,1,beta
0.9774774774774775,1,1,beta
0.9779779779779779,1,1,beta
0.975975975975976,1,1,beta
0.974974974974975,0,1,beta
0.975975975975976,1,1,beta
0.973973973973974,1,1,beta
0.974974974974975,1,1,beta
0.9729729729729729,0,1,beta
0.973973973973974,1,1,beta
0.9719719719719719,1,1,beta
0.970970970970971,0,1,beta
0.9719719719719719,1,1,beta
0.96996996996997,1,1,beta
0.968968968968969,0,1,beta
0.9694694694694694,1,1,beta
0.96996996996997,1,1,beta
0.9679679679679679,1,1,beta
0.9669669669669669,0,1,beta
0.9679679679679679,1,1,beta
0.965965965965966,1,1,beta
0.964964964964965,0,1,beta
0.965965965965966,1,1,beta
0.963963963963964,1,1,beta
0.9629629629629629,0,1,beta
0.963963963963964,1,1,beta
0.9619619619619619,1,1,beta
0.960960960960961,0,1,beta
0.9619619619619619,1,1,beta
0.958958958958959,0,1,beta
0.95995995995996,1,1,beta
0.9579579579579579,1,1,beta
0.9569569569569569,0,1,beta
0.9579579579579579,1,1,beta
0.955955955955956,1,1,beta
0.954954954954955,0,1,beta
0.955955955955956,1,1,beta
0.953953953953954,1,1,beta
0.9529529529529529,0,1,beta
0.9519519519519519,1,1,beta
0.950950950950951,0,1,beta
0.9519519519519519,1,1,beta
0.94994994994995,1,1,beta
0.948948948948949,0,1,beta
0.9479479479479479,1,1,beta
0.9469469469469469,0,1,beta
0.9479479479479479,1,1,beta
0.9459459459459459,1,1,beta
0.944944944944945,0,1,beta
0.943943943943944,1,1,beta
0.9429429429429429,0,1,beta
0.943943943943944,1,1,beta
0.9409409409409409,0,1,beta
0.9419419419419419,1,1,beta
0.93993993993994,1,1,beta
0.938938938938939,0,1,beta
0.9379379379379379,1,1,beta
0.9369369369369369,0,1,beta
0.9359359359359359,1,1,beta
0.934934934934935,0,1,beta
0.9359359359359359,1,1,beta
0.9329329329329329,0,1,beta
0.933933933933934,1,1,beta
0.9309309309309309,0,1,beta
0.9319319319319319,1,1,beta
0.92992992992993,1,1,beta
0.9289289289289289,0,1,beta
0.9279279279279279,1,1,beta
0.9269269269269269,0,1,beta
0.9259259259259259,1,1,beta
0.924924924924925,0,1,beta
0.9239239239239239,1,1,beta
0.9229229229229229,0,1,beta
0.9219219219219219,1,1,beta
0.9209209209209209,0,1,beta
0.9219219219219219,1,1,beta
0.9189189189189189,0,1,beta
0.91991991991992,1,1,beta
0.9169169169169169,0,1,beta
0.9179179179179179,1,1,beta
0.914914914914915,0,1,beta
0.9159159159159159,1,1,beta
0.9129129129129129,0,1,beta
0.9139139139139139,1,1,beta
0.9109109109109109,0,1,beta
0.9099099099099099,1,1,beta
0.9089089089089089,0,1,beta
0.9079079079079079,1,1,beta
0.9069069069069069,0,1,beta
0.9059059059059059,1,1,beta
0.9049049049049049,0,1,beta
0.9039039039039038,1,1,beta
0.9029029029029029,0,1,beta
0.9019019019019019,1,1,beta
0.9009009009009009,0,1,beta
0.8988988988988988,0,1,beta
0.8998998998998999,1,1,beta
0.8968968968968969,0,1,beta
0.8978978978978979,1,1,beta
0.8948948948948949,0,1,beta
0.8958958958958959,1,1,beta
0.8928928928928929,0,1,beta
0.8918918918918919,1,1,beta
0.8908908908908909,0,1,beta
0.8898898898898899,1,1,beta
0.8888888888888888,0,1,beta
0.8868868868868869,0,1,beta
0.8878878878878879,1,1,beta
0.8848848848848849,0,1,beta
0.8858858858858859,1,1,beta
0.8828828828828829,0,1,beta
0.8818818818818819,1,1,beta
0.8808808808808809,0,1,beta
0.8798798798798799,1,1,beta
0.8788788788788788,0,1,beta
0.8768768768768769,0,1,beta
0.8778778778778779,1,1,beta
0.8748748748748749,0,1,beta
0.8738738738738738,1,1,beta
0.8728728728728729,0,1,beta
0.8718718718718719,1,1,beta
0.8708708708708709,0,1,beta
0.8688688688688688,0,1,beta
0.8698698698698699,1,1,beta
0.8668668668668669,0,1,beta
0.8658658658658659,1,1,beta
0.8648648648648649,0,1,beta
0.8628628628628628,0,1,beta
0.8638638638638638,1,1,beta
0.8608608608608609,0,1,beta
0.8598598598598598,1,1,beta
0.8588588588588588,0,1,beta
0.8568568568568569,0,1,beta
0.8578578578578578,1,1,beta
0.8548548548548548,0,1,beta
0.8538538538538538,1,1,beta
0.8528528528528528,0,1,beta
0.8508508508508509,0,1,beta
0.8518518518518519,1,1,beta
0.8488488488488488,0,1,beta
0.8478478478478478,1,1,beta
0.8468468468468469,0,1,beta
0.8448448448448448,0,1,beta
0.8458458458458459,1,1,beta
0.8428428428428428,0,1,beta
0.8418418418418419,1,1,beta
0.8408408408408409,0,1,beta
0.8388388388388388,0,1,beta
0.8378378378378378,1,1,beta
0.8368368368368369,0,1,beta
0.8348348348348348,0,1,beta
0.8358358358358359,1,1,beta
0.8328328328328328,0,1,beta
0.8318318318318318,1,1,beta
0.8308308308308309,0,1,beta
0.8288288288288288,0,1,beta
0.8278278278278278,1,1,beta
0.8268268268268268,0,1,beta
0.8248248248248248,0,1,beta
0.8258258258258259,1,1,beta
0.8228228228228228,0,1,beta
0.8208208208208209,0,1,beta
0.8218218218218218,1,1,beta
0.8188188188188188,0,1,beta
0.8178178178178178,1,1,beta
0.8168168168168168,0,1,beta
0.8148148148148148,0,1,beta
0.8138138138138138,1,1,beta
0.8128128128128128,0,1,beta
0.8108108108108109,0,1,beta
0.8118118118118118,1,1,beta
0.8088088088088088,0,1,beta
0.8068068068068068,0,1,beta
0.8078078078078078,1,1,beta
0.8048048048048048,0,1,beta
0.8028028028028028,0,1,beta
0.8038038038038038,1,1,beta
0.8008008008008007,0,1,beta
0.7987987987987988,0,1,beta
0.7997997997997998,1,1,beta
0.7967967967967968,0,1,beta
0.7947947947947948,0,1,beta
0.7957957957957957,1,1,beta
0.7927927927927928,0,1,beta
0.7917917917917918,1,1,beta
0.7907907907907907,0,1,beta
0.7887887887887888,0,1,beta
0.7877877877877878,1,1,beta
0.7867867867867868,0,1,beta
0.7847847847847848,0,1,beta
0.7837837837837838,1,1,beta
0.7827827827827828,0,1,beta
0.7807807807807807,0,1,beta
0.7797797797797797,1,1,beta
0.7787787787787788,0,1,beta
0.7767767767767768,0,1,beta
0.7757757757757757,1,1,beta
0.7747747747747747,0,1,beta
0.7727727727727728,0,1,beta
0.7717717717717718,1,1,beta
0.7707707707707707,0,1,beta
0.7687687687687688,0,1,beta
0.7667667667667668,0,1,beta
0.7677677677677678,1,1,beta
0.7647647647647647,0,1,beta
0.7627627627627628,0,1,beta
0.7637637637637638,1,1,beta
0.7607607607607607,0,1,beta
0.7587587587587588,0,1,beta
0.7597597597597597,1,1,beta
0.7567567567567568,0,1,beta
0.7547547547547547,0,1,beta
0.7557557557557557,1,1,beta
0.7527527527527528,0,1,beta
0.7507507507507507,0,1,beta
0.7497497497497497,1,1,beta
0.7487487487487487,0,1,beta
0.7467467467467468,0,1,beta
0.7457457457457457,1,1,beta
0.7447447447447447,0,1,beta
0.7427427427427428,0,1,beta
0.7407407407407407,0,1,beta
0.7417417417417418,1,1,beta
0.7387387387387387,0,1,beta
0.7367367367367368,0,1,beta
0.7377377377377378,1,1,beta
0.7347347347347347,0,1,beta
0.7327327327327328,0,1,beta
0.7317317317317317,1,1,beta
0.7307307307307307,0,1,beta
0.7287287287287287,0,1,beta
0.7277277277277278,1,1,beta
0.7267267267267267,0,1,beta
0.7247247247247247,0,1,beta
0.7227227227227228,0,1,beta
0.7237237237237237,1,1,beta
0.7207207207207207,0,1,beta
0.7187187187187187,0,1,beta
0.7177177177177178,1,1,beta
0.7167167167167167,0,1,beta
0.7147147147147147,0,1,beta
0.7137137137137137,1,1,beta
0.7127127127127127,0,1,beta
0.7107107107107107,0,1,beta
0.7087087087087087,0,1,beta
0.7097097097097097,1,1,beta
0.7067067067067067,0,1,beta
0.7047047047047047,0,1,beta
0.7037037037037037,1,1,beta
0.7027027027027027,0,1,beta
0.7007007007007007,0,1,beta
0.6986986986986987,0,1,beta
0.6996996996996997,1,1,beta
0.6966966966966966,0,1,beta
0.6946946946946947,0,1,beta
0.6936936936936937,1,1,beta
0.6926926926926927,0,1,beta
0.6906906906906907,0,1,beta
0.6886886886886887,0,1,beta
0.6896896896896897,1,1,beta
0.6866866866866866,0,1,beta
0.6846846846846847,0,1,beta
0.6836836836836837,1,1,beta
0.6826826826826827,0,1,beta
0.6806806806806807,0,1,beta
0.6786786786786787,0,1,beta
0.6796796796796797,1,1,beta
0.6766766766766766,0,1,beta
0.6746746746746747,0,1,beta
0.6736736736736737,1,1,beta
0.6726726726726726,0,1,beta
0.6706706706706707,0,1,beta
0.6686686686686687,0,1,beta
0.6696696696696697,1,1,beta
0.6666666666666666,0,1,beta
0.6646646646646647,0,1,beta
0.6636636636636637,1,1,beta
0.6626626626626626,0,1,beta
0.6606606606606606,0,1,beta
0.6586586586586587,0,1,beta
0.6596596596596597,1,1,beta
0.6566566566566566,0,1,beta
0.6546546546546547,0,1,beta
0.6536536536536537,1,1,beta
0.6526526526526526,0,1,beta
0.6506506506506506,0,1,beta
0.6486486486486487,0,1,beta
0.6476476476476476,1,1,beta
0.6466466466466466,0,1,beta
0.6446446446446447,0,1,beta
0.6426426426426426,0,1,beta
0.6436436436436437,1,1,beta
0.6406406406406406,0,1,beta
0.6386386386386387,0,1,beta
0.6376376376376376,1,1,beta
0.6366366366366366,0,1,beta
0.6346346346346347,0,1,beta
0.6326326326326326,0,1,beta
0.6316316316316316,1,1,beta
0.6306306306306306,0,1,beta
0.6286286286286287,0,1,beta
0.6266266266266266,0,1,beta
0.6276276276276276,1,1,beta
0.6246246246246246,0,1,beta
0.6226226226226226,0,1,beta
0.6206206206206206,0,1,beta
0.6216216216216216,1,1,beta
0.6186186186186187,0,1,beta
0.6166166166166166,0,1,beta
0.6156156156156156,1,1,beta
0.6146146146146146,0,1,beta
0.6126126126126126,0,1,beta
0.6106106106106106,0,1,beta
0.6096096096096096,1,1,beta
0.6086086086086087,0,1,beta
0.6066066066066066,0,1,beta
0.6046046046046046,0,1,beta
0.6056056056056056,1,1,beta
0.6026026026026026,0,1,beta
0.6006006006006006,0,1,beta
0.5985985985985985,0,1,beta
0.5995995995995996,1,1,beta
0.5965965965965966,0,1,beta
0.5945945945945946,0,1,beta
0.5935935935935935,1,1,beta
0.5925925925925926,0,1,beta
0.5905905905905906,0,1,beta
0.5885885885885885,0,1,beta
0.5875875875875876,1,1,beta
0.5865865865865866,0,1,beta
0.5845845845845846,0,1,beta
0.5825825825825826,0,1,beta
0.5815815815815816,1,1,beta
0.5805805805805806,0,1,beta
0.5785785785785785,0,1,beta
0.5765765765765766,0,1,beta
0.5775775775775776,1,1,beta
0.5745745745745746,0,1,beta
0.5725725725725725,0,1,beta
0.5705705705705706,0,1,beta
0.5715715715715716,1,1,beta
0.5685685685685685,0,1,beta
0.5665665665665666,0,1,beta
0.5645645645645646,0,1,beta
0.5655655655655656,1,1,beta
0.5625625625625625,0,1,beta
0.5605605605605606,0,1,beta
0.5585585585585585,0,1,beta
0.5595595595595596,1,1,beta
0.5565565565565566,0,1,beta
0.5545545545545546,0,1,beta
0.5525525525525525,0,1,beta
0.5535535535535535,1,1,beta
0.5505505505505506,0,1,beta
0.5485485485485485,0,1,beta
0.5475475475475475,1,1,beta
0.5465465465465466,0,1,beta
0.5445445445445445,0,1,beta
0.5425425425425425,0,1,beta
0.5415415415415415,1,1,beta
0.5405405405405406,0,1,beta
0.5385385385385385,0,1,beta
0.5365365365365365,0,1,beta
0.5355355355355356,1,1,beta
0.5345345345345345,0,1,beta
0.5325325325325325,0,1,beta
0.5305305305305306,0,1,beta
0.5295295295295295,1,1,beta
0.5285285285285285,0,1,beta
0.5265265265265265,0,1,beta
0.5245245245245245,0,1,beta
0.5235235235235235,1,1,beta
0.5225225225225225,0,1,beta
0.5205205205205206,0,1,beta
0.5185185185185185,0,1,beta
0.5175175175175175,1,1,beta
0.5165165165165165,0,1,beta
0.5145145145145145,0,1,beta
0.5125125125125125,0,1,beta
0.5115115115115115,1,1,beta
0.5105105105105106,0,1,beta
0.5085085085085085,0,1,beta
0.5065065065065065,0,1,beta
0.5055055055055055,1,1,beta
0.5045045045045045,0,1,beta
0.5025025025025025,0,1,beta
0.5005005005005005,0,1,beta
0.4994994994994995,1,1,beta
0.4984984984984985,0,1,beta
0.4964964964964965,0,1,beta
0.4944944944944945,0,1,beta
0.4934934934934935,1,1,beta
0.4924924924924925,0,1,beta
0.4904904904904905,0,1,beta
0.48848848848848847,0,1,beta
0.4874874874874875,1,1,beta
0.48648648648648646,0,1,beta
0.4844844844844845,0,1,beta
0.4824824824824825,0,1,beta
0.48148148148148145,1,1,beta
0.4804804804804805,0,1,beta
0.47847847847847846,0,1,beta
0.47647647647647645,0,1,beta
0.4754754754754755,1,1,beta
0.4744744744744745,0,1,beta
0.4724724724724725,0,1,beta
0.47047047047047047,0,1,beta
0.4694694694694695,1,1,beta
0.46846846846846846,0,1,beta
0.46646646646646645,0,1,beta
0.46446446446446443,0,1,beta
0.46346346346346345,1,1,beta
0.4624624624624625,0,1,beta
0.46046046046046046,0,1,beta
0.45845845845845845,0,1,beta
0.4574574574574575,1,1,beta
0.45645645645645644,0,1,beta
0.4544544544544544,0,1,beta
0.45245245245245247,0,1,beta
0.45145145145145144,1,1,beta
0.45045045045045046,0,1,beta
0.44844844844844844,0,1,beta
0.44644644644644643,0,1,beta
0.44544544544544545,1,1,beta
0.4444444444444444,0,1,beta
0.44244244244244246,0,1,beta
0.44044044044044045,0,1,beta
0.4394394394394394,1,1,beta
0.43843843843843844,0,1,beta
0.4364364364364364,0,1,beta
0.4344344344344344,0,1,beta
0.43343343343343343,1,1,beta
0.43243243243243246,0,1,beta
0.43043043043043044,0,1,beta
0.42842842842842843,0,1,beta
0.4274274274274274,1,1,beta
0.4264264264264264,0,1,beta
0.4244244244244244,0,1,beta
0.4224224224224224,0,1,beta
0.4214214214214214,1,1,beta
0.42042042042042044,0,1,beta
0.4184184184184184,0,1,beta
0.4164164164164164,0,1,beta
0.41541541541541543,1,1,beta
0.4144144144144144,0,1,beta
0.4124124124124124,0,1,beta
0.41041041041041043,0,1,beta
0.4094094094094094,1,1,beta
0.4084084084084084,0,1,beta
0.4064064064064064,0,1,beta
0.4044044044044044,0,1,beta
0.4034034034034034,1,1,beta
0.4024024024024024,0,1,beta
0.40040040040040037,0,1,beta
0.3983983983983984,0,1,beta
0.3973973973973974,1,1,beta
0.3963963963963964,0,1,beta
0.3943943943943944,0,1,beta
0.3923923923923924,0,1,beta
0.3913913913913914,1,1,beta
0.39039039039039036,0,1,beta
0.3883883883883884,0,1,beta
0.3863863863863864,0,1,beta
0.38538538538538536,1,1,beta
0.3843843843843844,0,1,beta
0.38238238238238237,0,1,beta
0.38038038038038036,0,1,beta
0.3793793793793794,1,1,beta
0.3783783783783784,0,1,beta
0.3763763763763764,0,1,beta
0.3743743743743744,0,1,beta
0.3733733733733734,1,1,beta
0.37237237237237236,0,1,beta
0.37037037037037035,0,1,beta
0.3683683683683684,0,1,beta
0.36736736736736736,1,1,beta
0.3663663663663664,0,1,beta
0.36436436436436437,0,1,beta
0.36236236236236236,0,1,beta
0.3613613613613614,1,1,beta
0.36036036036036034,0,1,beta
0.35835835835835833,0,1,beta
0.3563563563563564,0,1,beta
0.35535535535535534,1,1,beta
0.35435435435435436,0,1,beta
0.35235235235235235,0,1,beta
0.35035035035035034,0,1,beta
0.35135135135135137,1,1,beta
0.3483483483483483,0,1,beta
0.34634634634634637,0,1,beta
0.34434434434434436,0,1,beta
0.34534534534534533,1,1,beta
0.34234234234234234,0,1,beta
0.34034034034034033,0,1,beta
0.3383383383383383,0,1,beta
0.33933933933933935,1,1,beta
0.3363363363363363,0,1,beta
0.33433433433433435,0,1,beta
0.33233233233233234,0,1,beta
0.3333333333333333,1,1,beta
0.3303303303303303,0,1,beta
0.3283283283283283,0,1,beta
0.3263263263263263,0,1,beta
0.32732732732732733,1,1,beta
0.32432432432432434,0,1,beta
0.32232232232232233,0,1,beta
0.3203203203203203,0,1,beta
0.3213213213213213,1,1,beta
0.3183183183183183,0,1,beta
0.3163163163163163,0,1,beta
0.3153153153153153,1,1,beta
0.31431431431431434,0,1,beta
0.3123123123123123,0,1,beta
0.3103103103103103,0,1,beta
0.30930930930930933,1,1,beta
0.3083083083083083,0,1,beta
0.3063063063063063,0,1,beta
0.30430430430430433,0,1,beta
0.3033033033033033,1,1,beta
0.3023023023023023,0,1,beta
0.3003003003003003,0,1,beta
0.2982982982982983,0,1,beta
0.29929929929929927,1,1,beta
0.2962962962962963,0,1,beta
0.29429429429429427,0,1,beta
0.2922922922922923,0,1,beta
0.2932932932932933,1,1,beta
0.2902902902902903,0,1,beta
0.2882882882882883,0,1,beta
0.2872872872872873,1,1,beta
0.2862862862862863,0,1,beta
0.28428428428428426,0,1,beta
0.2822822822822823,0,1,beta
0.28128128128128127,1,1,beta
0.2802802802802803,0,1,beta
0.2782782782782783,0,1,beta
0.27627627627627627,0,1,beta
0.2772772772772773,1,1,beta
0.27427427427427425,0,1,beta
0.27227227227227224,0,1,beta
0.2702702702702703,0,1,beta
0.27127127127127126,1,1,beta
0.2682682682682683,0,1,beta
0.26626626626626626,0,1,beta
0.2652652652652653,1,1,beta
0.26426426426426425,0,1,beta
0.26226226226226224,0,1,beta
0.2602602602602603,0,1,beta
0.25925925925925924,1,1,beta
0.25825825825825827,0,1,beta
0.25625625625625625,0,1,beta
0.25425425425425424,0,1,beta
0.2552552552552553,1,1,beta
0.25225225225225223,0,1,beta
0.2502502502502503,0,1,beta
0.24924924924924924,1,1,beta
0.24824824824824826,0,1,beta
0.24624624624624625,0,1,beta
0.24424424424424424,0,1,beta
0.24324324324324323,1,1,beta
0.24224224224224225,0,1,beta
0.24024024024024024,0,1,beta
0.23823823823823823,0,1,beta
0.23923923923923923,1,1,beta
0.23623623623623624,0,1,beta
0.23423423423423423,0,1,beta
0.23323323323323322,1,1,beta
0.23223223223223222,0,1,beta
0.23023023023023023,0,1,beta
0.22822822822822822,0,1,beta
0.22922922922922923,1,1,beta
0.22622622622622623,0,1,beta
0.22422422422422422,0,1,beta
0.22322322322322322,1,1,beta
0.2222222222222222,0,1,beta
0.22022022022022023,0,1,beta
0.2182182182182182,0,1,beta
0.21921921921921922,1,1,beta
0.21621621621621623,0,1,beta
0.21421421421421422,0,1,beta
0.2132132132132132,1,1,beta
0.2122122122122122,0,1,beta
0.21021021021021022,0,1,beta
0.2082082082082082,0,1,beta
0.2092092092092092,1,1,beta
0.2062062062062062,0,1,beta
0.2042042042042042,0,1,beta
0.2032032032032032,1,1,beta
0.2022022022022022,0,1,beta
0.20020020020020018,0,1,beta
0.1981981981981982,0,1,beta
0.1991991991991992,1,1,beta
0.1961961961961962,0,1,beta
0.1941941941941942,0,1,beta
0.1931931931931932,1,1,beta
0.1921921921921922,0,1,beta
0.19019019019019018,0,1,beta
0.1891891891891892,1,1,beta
0.1881881881881882,0,1,beta
0.18618618618618618,0,1,beta
0.1841841841841842,0,1,beta
0.18518518518518517,1,1,beta
0.18218218218218218,0,1,beta
0.18018018018018017,0,1,beta
0.17917917917917917,1,1,beta
0.1781781781781782,0,1,beta
0.17617617617617617,0,1,beta
0.17517517517517517,1,1,beta
0.17417417417417416,0,1,beta
0.17217217217217218,0,1,beta
0.17017017017017017,0,1,beta
0.17117117117117117,1,1,beta
0.16816816816816815,0,1,beta
0.16616616616616617,0,1,beta
0.16716716716716717,1,1,beta
0.16416416416416416,0,1,beta
0.16216216216216217,0,1,beta
0.16116116116116116,1,1,beta
0.16016016016016016,0,1,beta
0.15815815815815815,0,1,beta
0.15715715715715717,1,1,beta
0.15615615615615616,0,1,beta
0.15415415415415415,0,1,beta
0.15315315315315314,1,1,beta
0.15215215215215216,0,1,beta
0.15015015015015015,0,1,beta
0.14914914914914915,1,1,beta
0.14814814814814814,0,1,beta
0.14614614614614616,0,1,beta
0.14514514514514515,1,1,beta
0.14414414414414414,0,1,beta
0.14214214214214213,0,1,beta
0.14014014014014015,0,1,beta
0.14114114114114115,1,1,beta
0.13813813813813813,0,1,beta
0.13613613613613612,0,1,beta
0.13713713713713713,1,1,beta
0.13413413413413414,0,1,beta
0.13313313313313313,1,1,beta
0.13213213213213212,0,1,beta
0.13013013013013014,0,1,beta
0.12912912912912913,1,1,beta
0.12812812812812813,0,1,beta
0.12612612612612611,0,1,beta
0.12512512512512514,1,1,beta
0.12412412412412413,0,1,beta
0.12212212212212212,0,1,beta
0.12112112112112113,1,1,beta
0.12012012012012012,0,1,beta
0.11811811811811812,0,1,beta
0.11711711711711711,1,1,beta
0.11611611611611611,0,1,beta
0.11411411411411411,0,1,beta
0.11511511511511512,1,1,beta
0.11211211211211211,0,1,beta
0.11011011011011011,0,1,beta
0.1111111111111111,1,1,beta
0.10810810810810811,0,1,beta
0.10710710710710711,1,1,beta
0.1061061061061061,0,1,beta
0.1041041041041041,0,1,beta
0.1031031031031031,1,1,beta
0.1021021021021021,0,1,beta
0.10010010010010009,0,1,beta
0.1011011011011011,1,1,beta
0.0980980980980981,0,1,beta
0.0960960960960961,0,1,beta
0.0970970970970971,1,1,beta
0.0940940940940941,0,1,beta
0.09309309309309309,1,1,beta
0.0920920920920921,0,1,beta
0.09009009009009009,0,1,beta
0.09109109109109109,1,1,beta
0.08808808808808809,0,1,beta
0.08708708708708708,1,1,beta
0.08608608608608609,0,1,beta
0.08408408408408408,0,1,beta
0.08508508508508508,1,1,beta
0.08208208208208208,0,1,beta
0.08108108108108109,1,1,beta
0.08008008008008008,0,1,beta
0.07807807807807808,0,1,beta
0.07907907907907907,1,1,beta
0.07607607607607608,0,1,beta
0.07507507507507508,1,1,beta
0.07407407407407407,0,1,beta
0.07207207207207207,0,1,beta
0.07307307307307308,1,1,beta
0.07007007007007007,0,1,beta
0.06906906906906907,1,1,beta
0.06806806806806806,0,1,beta
0.06706706706706707,1,1,beta
0.06606606606606606,0,1,beta
0.06406406406406406,0,1,beta
0.06506506506506507,1,1,beta
0.062062062062062065,0,1,beta
0.06306306306306306,1,1,beta
0.06006006006006006,0,1,beta
0.05905905905905906,1,1,beta
0.058058058058058054,0,1,beta
0.057057057057057055,1,1,beta
0.056056056056056056,0,1,beta
0.05405405405405406,0,1,beta
0.055055055055055056,1,1,beta
0.05205205205205205,0,1,beta
0.05305305305305305,1,1,beta
0.050050050050050046,0,1,beta
0.05105105105105105,1,1,beta
0.04804804804804805,0,1,beta
0.04904904904904905,1,1,beta
0.04604604604604605,0,1,beta
0.04504504504504504,1,1,beta
0.044044044044044044,0,1,beta
0.043043043043043044,1,1,beta
0.04204204204204204,0,1,beta
0.04104104104104104,1,1,beta
0.04004004004004004,0,1,beta
0.03903903903903904,1,1,beta
0.03803803803803804,0,1,beta
0.03903903903903904,1,1,beta
0.036036036036036036,0,1,beta
0.037037037037037035,1,1,beta
0.03403403403403403,0,1,beta
0.035035035035035036,1,1,beta
0.03203203203203203,0,1,beta
0.03303303303303303,1,1,beta
0.031031031031031032,1,1,beta
0.03003003003003003,0,1,beta
0.029029029029029027,1,1,beta
0.028028028028028028,0,1,beta
0.02702702702702703,1,1,beta
0.026026026026026026,0,1,beta
0.02702702702702703,1,1,beta
0.024024024024024024,0,1,beta
0.025025025025025023,1,1,beta
0.023023023023023025,1,1,beta
0.022022022022022022,0,1,beta
0.023023023023023025,1,1,beta
0.02002002002002002,0,1,beta
0.02102102102102102,1,1,beta
0.01901901901901902,1,1,beta
0.018018018018018018,0,1,beta
0.01901901901901902,1,1,beta
0.017017017017017015,1,1,beta
0.016016016016016016,0,1,beta
0.017017017017017015,1,1,beta
0.015015015015015015,1,1,beta
0.014014014014014014,0,1,beta
0.015015015015015015,1,1,beta
0.013013013013013013,1,1,beta
0.012012012012012012,0,1,beta
0.013013013013013013,1,1,beta
0.011011011011011011,1,1,beta
0.01001001001001001,0,1,beta
0.011011011011011011,1,1,beta
0.009009009009009009,1,1,beta
0.01001001001001001,1,1,beta
0.008008008008008008,0,1,beta
0.009009009009009009,1,1,beta
0.007007007007007007,1,1,beta
0.006006006006006006,0,1,beta
0.0065065065065065065,1,1,beta
0.007007007007007007,1,1,beta
0.005005005005005005,1,1,beta
0.006006006006006006,1,1,beta
0.004004004004004004,0,1,beta
0.0045045045045045045,1,1,beta
0.005005005005005005,1,1,beta
0.003003003003003003,1,1,beta
0.0035035035035035035,1,1,beta
0.004004004004004004,1,1,beta
0.002002002002002002,0,1,beta
0.002335669002335669,1,1,beta
0.002669336002669336,1,1,beta
0.003003003003003003,1,1,beta
0.001001001001001001,1,1,beta
0.0012512512512512512,1,1,beta
0.0015015015015015015,1,1,beta
0.0017517517517517517,1,1,beta
0.002002002002002002,1,1,beta
0.0,0,1,beta
0.000058882411823588296,1,1,beta
0.00011776482364717659,1,1,beta
0.0001766472354707649,1,1,beta
0.00023552964729435318,1,1,beta
0.00029441205911794147,1,1,beta
0.0003532944709415298,1,1,beta
0.00041217688276511805,1,1,beta
0.00047105929458870637,1,1,beta
0.0005299417064122947,1,1,beta
0.0005888241182358829,1,1,beta
0.0006477065300594712,1,1,beta
0.0007065889418830596,1,1,beta
0.0007654713537066478,1,1,beta
0.0008243537655302361,1,1,beta
0.0008832361773538245,1,1,beta
0.0009421185891774127,1,1,beta
0.001001001001001001,1,1,beta
0.998998998998999,0,2,beta
0.996996996996997,0,2,beta
0.994994994994995,0,2,beta
0.992992992992993,0,2,beta
0.990990990990991,0,2,beta
0.988988988988989,0,2,beta
0.986986986986987,0,2,beta
0.984984984984985,0,2,beta
0.9829829829829829,0,2,beta
0.980980980980981,0,2,beta
0.978978978978979,0,2,beta
0.9769769769769769,0,2,beta
0.974974974974975,0,2,beta
0.9729729729729729,0,2,beta
0.970970970970971,0,2,beta
0.968968968968969,0,2,beta
0.9669669669669669,0,2,beta
0.964964964964965,0,2,beta
0.9629629629629629,0,2,beta
0.960960960960961,0,2,beta
0.958958958958959,0,2,beta
0.9569569569569569,0,2,beta
0.954954954954955,0,2,beta
0.9529529529529529,0,2,beta
0.950950950950951,0,2,beta
0.948948948948949,0,2,beta
0.9469469469469469,0,2,beta
0.944944944944945,0,2,beta
0.9429429429429429,0,2,beta
0.9409409409409409,0,2,beta
0.938938938938939,0,2,beta
0.9369369369369369,0,2,beta
0.934934934934935,0,2,beta
0.9329329329329329,0,2,beta
0.9309309309309309,0,2,beta
0.9289289289289289,0,2,beta
0.9269269269269269,0,2,beta
0.924924924924925,0,2,beta
0.9229229229229229,0,2,beta
0.9209209209209209,0,2,beta
0.9189189189189189,0,2,beta
0.9169169169169169,0,2,beta
0.914914914914915,0,2,beta
0.9129129129129129,0,2,beta
0.9109109109109109,0,2,beta
0.9089089089089089,0,2,beta
0.9069069069069069,0,2,beta
0.9049049049049049,0,2,beta
0.9029029029029029,0,2,beta
0.9009009009009009,0,2,beta
0.8988988988988988,0,2,beta
0.8968968968968969,0,2,beta
0.8948948948948949,0,2,beta
0.8928928928928929,0,2,beta
0.8908908908908909,0,2,beta
0.8888888888888888,0,2,beta
0.8868868868868869,0,2,beta
0.8848848848848849,0,2,beta
0.8828828828828829,0,2,beta
0.8808808808808809,0,2,beta
0.8788788788788788,0,2,beta
0.8768768768768769,0,2,beta
0.8748748748748749,0,2,beta
0.8728728728728729,0,2,beta
0.8708708708708709,0,2,beta
0.8688688688688688,0,2,beta
0.8668668668668669,0,2,beta
0.8648648648648649,0,2,beta
0.8628628628628628,0,2,beta
0.8608608608608609,0,2,beta
0.8588588588588588,0,2,beta
0.8568568568568569,0,2,beta
0.8548548548548548,0,2,beta
0.8528528528528528,0,2,beta
0.8508508508508509,0,2,beta
0.8488488488488488,0,2,beta
0.8468468468468469,0,2,beta
0.8448448448448448,0,2,beta
0.8428428428428428,0,2,beta
0.8408408408408409,0,2,beta
0.8388388388388388,0,2,beta
0.8368368368368369,0,2,beta
0.8348348348348348,0,2,beta
0.8328328328328328,0,2,beta
0.8308308308308309,0,2,beta
0.8318318318318318,1,2,beta
0.8288288288288288,0,2,beta
0.8268268268268268,0,2,beta
0.8248248248248248,0,2,beta
0.8228228228228228,0,2,beta
0.8208208208208209,0,2,beta
0.8188188188188188,0,2,beta
0.8168168168168168,0,2,beta
0.8158158158158159,1,2,beta
0.8148148148148148,0,2,beta
0.8128128128128128,0,2,beta
0.8108108108108109,0,2,beta
0.8088088088088088,0,2,beta
0.8078078078078078,1,2,beta
0.8068068068068068,0,2,beta
0.8048048048048048,0,2,beta
0.8028028028028028,0,2,beta
0.8018018018018018,1,2,beta
0.8008008008008007,0,2,beta
0.7987987987987988,0,2,beta
0.7977977977977978,1,2,beta
0.7967967967967968,0,2,beta
0.7947947947947948,0,2,beta
0.7957957957957957,1,2,beta
0.7927927927927928,0,2,beta
0.7917917917917918,1,2,beta
0.7907907907907907,0,2,beta
0.7887887887887888,0,2,beta
0.7897897897897898,1,2,beta
0.7867867867867868,0,2,beta
0.7857857857857857,1,2,beta
0.7847847847847848,0,2,beta
0.7837837837837838,1,2,beta
0.7827827827827828,0,2,beta
0.7817817817817818,1,2,beta
0.7807807807807807,0,2,beta
0.7797797797797797,1,2,beta
0.7787787787787788,0,2,beta
0.7797797797797797,1,2,beta
0.7767767767767768,0,2,beta
0.7777777777777778,1,2,beta
0.7747747747747747,0,2,beta
0.7757757757757757,1,2,beta
0.7737737737737738,1,2,beta
0.7727727727727728,0,2,beta
0.7717717717717718,1,2,beta
0.7707707707707707,0,2,beta
0.7717717717717718,1,2,beta
0.7697697697697697,1,2,beta
0.7687687687687688,0,2,beta
0.7697697697697697,1,2,beta
0.7667667667667668,0,2,beta
0.7677677677677678,1,2,beta
0.7657657657657657,1,2,beta
0.7647647647647647,0,2,beta
0.7657657657657657,1,2,beta
0.7637637637637638,1,2,beta
0.7627627627627628,0,2,beta
0.7637637637637638,1,2,beta
0.7617617617617618,1,2,beta
0.7607607607607607,0,2,beta
0.7617617617617618,1,2,beta
0.7597597597597597,1,2,beta
0.7587587587587588,0,2,beta
0.7597597597597597,1,2,beta
0.7577577577577578,1,2,beta
0.7587587587587588,1,2,beta
0.7567567567567568,0,2,beta
0.7577577577577578,1,2,beta
0.7557557557557557,1,2,beta
0.7547547547547547,0,2,beta
0.7557557557557557,1,2,beta
0.7537537537537538,1,2,beta
0.7527527527527528,0,2,beta
0.7532532532532532,1,2,beta
0.7537537537537538,1,2,beta
0.7517517517517518,1,2,beta
0.7507507507507507,0,2,beta
0.7512512512512513,1,2,beta
0.7517517517517518,1,2,beta
0.7497497497497497,1,2,beta
0.7487487487487487,0,2,beta
0.7497497497497497,1,2,beta
0.7477477477477478,1,2,beta
0.7487487487487487,1,2,beta
0.7467467467467468,0,2,beta
0.7477477477477478,1,2,beta
0.7457457457457457,1,2,beta
0.7467467467467468,1,2,beta
0.7447447447447447,0,2,beta
0.7452452452452452,1,2,beta
0.7457457457457457,1,2,beta
0.7437437437437437,1,2,beta
0.7427427427427428,0,2,beta
0.7432432432432432,1,2,beta
0.7437437437437437,1,2,beta
0.7417417417417418,1,2,beta
0.7427427427427428,1,2,beta
0.7407407407407407,0,2,beta
0.7417417417417418,1,2,beta
0.7397397397397397,1,2,beta
0.7407407407407407,1,2,beta
0.7387387387387387,0,2,beta
0.7392392392392393,1,2,beta
0.7397397397397397,1,2,beta
0.7377377377377378,1,2,beta
0.7387387387387387,1,2,beta
0.7367367367367368,0,2,beta
0.7372372372372373,1,2,beta
0.7377377377377378,1,2,beta
0.7357357357357357,1,2,beta
0.7367367367367368,1,2,beta
0.7347347347347347,0,2,beta
0.7352352352352352,1,2,beta
0.7357357357357357,1,2,beta
0.7337337337337337,1,2,beta
0.7347347347347347,1,2,beta
0.7327327327327328,0,2,beta
0.7332332332332332,1,2,beta
0.7337337337337337,1,2,beta
0.7317317317317317,1,2,beta
0.7327327327327328,1,2,beta
0.7307307307307307,0,2,beta
0.7312312312312312,1,2,beta
0.7317317317317317,1,2,beta
0.7297297297297297,1,2,beta
0.7307307307307307,1,2,beta
0.7287287287287287,0,2,beta
0.7292292292292293,1,2,beta
0.7297297297297297,1,2,beta
0.7277277277277278,1,2,beta
0.7287287287287287,1,2,beta
0.7267267267267267,0,2,beta
0.7270603937270603,1,2,beta
0.7273940607273941,1,2,beta
0.7277277277277278,1,2,beta
0.7257257257257257,1,2,beta
0.7267267267267267,1,2,beta
0.7247247247247247,0,2,beta
0.7252252252252251,1,2,beta
0.7257257257257257,1,2,beta
0.7237237237237237,1,2,beta
0.7242242242242243,1,2,beta
0.7247247247247247,1,2,beta
0.7227227227227228,0,2,beta
0.7232232232232232,1,2,beta
0.7237237237237237,1,2,beta
0.7217217217217217,1,2,beta
0.7222222222222222,1,2,beta
0.7227227227227228,1,2,beta
0.7207207207207207,0,2,beta
0.7212212212212212,1,2,beta
0.7217217217217217,1,2,beta
0.7197197197197197,1,2,beta
0.7202202202202201,1,2,beta
0.7207207207207207,1,2,beta
0.7187187187187187,0,2,beta
0.7192192192192193,1,2,beta
0.7197197197197197,1,2,beta
0.7177177177177178,1,2,beta
0.7182182182182182,1,2,beta
0.7187187187187187,1,2,beta
0.7167167167167167,0,2,beta
0.7172172172172172,1,2,beta
0.7177177177177178,1,2,beta
0.7157157157157157,1,2,beta
0.7162162162162162,1,2,beta
0.7167167167167167,1,2,beta
0.7147147147147147,0,2,beta
0.7150483817150484,1,2,beta
0.715382048715382,1,2,beta
0.7157157157157157,1,2,beta
0.7137137137137137,1,2,beta
0.7147147147147147,1,2,beta
0.7127127127127127,0,2,beta
0.7130463797130464,1,2,beta
0.7133800467133801,1,2,beta
0.7137137137137137,1,2,beta
0.7117117117117117,1,2,beta
0.7122122122122122,1,2,beta
0.7127127127127127,1,2,beta
0.7107107107107107,0,2,beta
0.7110443777110443,1,2,beta
0.711378044711378,1,2,beta
0.7117117117117117,1,2,beta
0.7097097097097097,1,2,beta
0.7102102102102101,1,2,beta
0.7107107107107107,1,2,beta
0.7087087087087087,0,2,beta
0.7092092092092093,1,2,beta
0.7097097097097097,1,2,beta
0.7077077077077077,1,2,beta
0.7082082082082082,1,2,beta
0.7087087087087087,1,2,beta
0.7067067067067067,0,2,beta
0.7070403737070403,1,2,beta
0.7073740407073741,1,2,beta
0.7077077077077077,1,2,beta
0.7057057057057057,1,2,beta
0.7062062062062062,1,2,beta
0.7067067067067067,1,2,beta
0.7047047047047047,0,2,beta
0.7050383717050384,1,2,beta
0.705372038705372,1,2,beta
0.7057057057057057,1,2,beta
0.7037037037037037,1,2,beta
0.7042042042042043,1,2,beta
0.7047047047047047,1,2,beta
0.7027027027027027,0,2,beta
0.7030363697030364,1,2,beta
0.7033700367033701,1,2,beta
0.7037037037037037,1,2,beta
0.7017017017017017,1,2,beta
0.7022022022022022,1,2,beta
0.7027027027027027,1,2,beta
0.7007007007007007,0,2,beta
0.7010343677010343,1,2,beta
0.701368034701368,1,2,beta
0.7017017017017017,1,2,beta
0.6996996996996997,1,2,beta
0.7000333667000334,1,2,beta
0.700367033700367,1,2,beta
0.7007007007007007,1,2,beta
0.6986986986986987,0,2,beta
0.6990323656990324,1,2,beta
0.699366032699366,1,2,beta
0.6996996996996997,1,2,beta
0.6976976976976977,1,2,beta
0.6981981981981982,1,2,beta
0.6986986986986987,1,2,beta
0.6966966966966966,0,2,beta
0.6970303636970303,1,2,beta
0.6973640306973641,1,2,beta
0.6976976976976977,1,2,beta
0.6956956956956957,1,2,beta
0.6961961961961962,1,2,beta
0.6966966966966966,1,2,beta
0.6946946946946947,0,2,beta
0.6950283616950284,1,2,beta
0.695362028695362,1,2,beta
0.6956956956956957,1,2,beta
0.6936936936936937,1,2,beta
0.6940273606940274,1,2,beta
0.694361027694361,1,2,beta
0.6946946946946947,1,2,beta
0.6926926926926927,0,2,beta
0.6930263596930264,1,2,beta
0.69336002669336,1,2,beta
0.6936936936936937,1,2,beta
0.6916916916916916,1,2,beta
0.6921921921921922,1,2,beta
0.6926926926926927,1,2,beta
0.6906906906906907,0,2,beta
0.6910243576910243,1,2,beta
0.691358024691358,1,2,beta
0.6916916916916916,1,2,beta
0.6896896896896897,1,2,beta
0.6900233566900233,1,2,beta
0.690357023690357,1,2,beta
0.6906906906906907,1,2,beta
0.6886886886886887,0,2,beta
0.6890223556890224,1,2,beta
0.689356022689356,1,2,beta
0.6896896896896897,1,2,beta
0.6876876876876877,1,2,beta
0.6881881881881882,1,2,beta
0.6886886886886887,1,2,beta
0.6866866866866866,0,2,beta
0.6869369369369369,1,2,beta
0.6871871871871872,1,2,beta
0.6874374374374375,1,2,beta
0.6876876876876877,1,2,beta
0.6856856856856857,1,2,beta
0.6861861861861862,1,2,beta
0.6866866866866866,1,2,beta
0.6846846846846847,0,2,beta
0.6850183516850183,1,2,beta
0.685352018685352,1,2,beta
0.6856856856856857,1,2,beta
0.6836836836836837,1,2,beta
0.6840173506840174,1,2,beta
0.684351017684351,1,2,beta
0.6846846846846847,1,2,beta
0.6826826826826827,0,2,beta
0.6830163496830164,1,2,beta
0.68335001668335,1,2,beta
0.6836836836836837,1,2,beta
0.6816816816816816,1,2,beta
0.6821821821821822,1,2,beta
0.6826826826826827,1,2,beta
0.6806806806806807,0,2,beta
0.6809309309309309,1,2,beta
0.6811811811811812,1,2,beta
0.6814314314314314,1,2,beta
0.6816816816816816,1,2,beta
0.6796796796796797,1,2,beta
0.6801801801801801,1,2,beta
0.6806806806806807,1,2,beta
0.6786786786786787,0,2,beta
0.678928928928929,1,2,beta
0.6791791791791792,1,2,beta
0.6794294294294294,1,2,beta
0.6796796796796797,1,2,beta
0.6776776776776777,1,2,beta
0.6781781781781782,1,2,beta
0.6786786786786787,1,2,beta
0.6766766766766766,0,2,beta
0.6770103436770103,1,2,beta
0.6773440106773441,1,2,beta
0.6776776776776777,1,2,beta
0.6756756756756757,1,2,beta
0.6760093426760093,1,2,beta
0.676343009676343,1,2,beta
0.6766766766766766,1,2,beta
0.6746746746746747,0,2,beta
0.6750083416750083,1,2,beta
0.675342008675342,1,2,beta
0.6756756756756757,1,2,beta
0.6736736736736737,1,2,beta
0.6740073406740074,1,2,beta
0.674341007674341,1,2,beta
0.6746746746746747,1,2,beta
0.6726726726726726,0,2,beta
0.6730063396730063,1,2,beta
0.67334000667334,1,2,beta
0.6736736736736737,1,2,beta
0.6716716716716716,1,2,beta
0.6721721721721721,1,2,beta
0.6726726726726726,1,2,beta
0.6706706706706707,0,2,beta
0.6709209209209209,1,2,beta
0.6711711711711712,1,2,beta
0.6714214214214214,1,2,beta
0.6716716716716716,1,2,beta
0.6696696696696697,1,2,beta
0.6701701701701701,1,2,beta
0.6706706706706707,1,2,beta
0.6686686686686687,0,2,beta
0.668918918918919,1,2,beta
0.6691691691691692,1,2,beta
0.6694194194194194,1,2,beta
0.6696696696696697,1,2,beta
0.6676676676676676,1,2,beta
0.6681681681681682,1,2,beta
0.6686686686686687,1,2,beta
0.6666666666666666,0,2,beta
0.6670003336670003,1,2,beta
0.667334000667334,1,2,beta
0.6676676676676676,1,2,beta
0.6656656656656657,1,2,beta
0.6659993326659993,1,2,beta
0.666332999666333,1,2,beta
0.6666666666666666,1,2,beta
0.6646646646646647,0,2,beta
0.6649983316649983,1,2,beta
0.665331998665332,1,2,beta
0.6656656656656657,1,2,beta
0.6636636636636637,1,2,beta
0.6641641641641642,1,2,beta
0.6646646646646647,1,2,beta
0.6626626626626626,0,2,beta
0.6629129129129129,1,2,beta
0.6631631631631631,1,2,beta
0.6634134134134134,1,2,beta
0.6636636636636637,1,2,beta
0.6616616616616616,1,2,beta
0.6621621621621621,1,2,beta
0.6626626626626626,1,2,beta
0.6606606606606606,0,2,beta
0.6609943276609943,1,2,beta
0.661327994661328,1,2,beta
0.6616616616616616,1,2,beta
0.6596596596596597,1,2,beta
0.6599933266599933,1,2,beta
0.660326993660327,1,2,beta
0.6606606606606606,1,2,beta
0.6586586586586587,0,2,beta
0.6589923256589924,1,2,beta
0.659325992659326,1,2,beta
0.6596596596596597,1,2,beta
0.6576576576576576,1,2,beta
0.6581581581581581,1,2,beta
0.6586586586586587,1,2,beta
0.6566566566566566,0,2,beta
0.6569903236569903,1,2,beta
0.6573239906573239,1,2,beta
0.6576576576576576,1,2,beta
0.6556556556556556,1,2,beta
0.6559893226559893,1,2,beta
0.656322989656323,1,2,beta
0.6566566566566566,1,2,beta
0.6546546546546547,0,2,beta
0.6549883216549883,1,2,beta
0.655321988655322,1,2,beta
0.6556556556556556,1,2,beta
0.6536536536536537,1,2,beta
0.6541541541541542,1,2,beta
0.6546546546546547,1,2,beta
0.6526526526526526,0,2,beta
0.6529863196529863,1,2,beta
0.65331998665332,1,2,beta
0.6536536536536537,1,2,beta
0.6516516516516516,1,2,beta
0.652152152152152,1,2,beta
0.6526526526526526,1,2,beta
0.6506506506506506,0,2,beta
0.6509843176509843,1,2,beta
0.651317984651318,1,2,beta
0.6516516516516516,1,2,beta
0.6496496496496497,1,2,beta
0.6501501501501501,1,2,beta
0.6506506506506506,1,2,beta
0.6486486486486487,0,2,beta
0.648898898898899,1,2,beta
0.6491491491491492,1,2,beta
0.6493993993993994,1,2,beta
0.6496496496496497,1,2,beta
0.6476476476476476,1,2,beta
0.6481481481481481,1,2,beta
0.6486486486486487,1,2,beta
0.6466466466466466,0,2,beta
0.6469803136469803,1,2,beta
0.6473139806473139,1,2,beta
0.6476476476476476,1,2,beta
0.6456456456456456,1,2,beta
0.6461461461461462,1,2,beta
0.6466466466466466,1,2,beta
0.6446446446446447,0,2,beta
0.6449783116449783,1,2,beta
0.645311978645312,1,2,beta
0.6456456456456456,1,2,beta
0.6436436436436437,1,2,beta
0.6441441441441442,1,2,beta
0.6446446446446447,1,2,beta
0.6426426426426426,0,2,beta
0.6429763096429763,1,2,beta
0.64330997664331,1,2,beta
0.6436436436436437,1,2,beta
0.6416416416416416,1,2,beta
0.6426426426426426,1,2,beta
0.6406406406406406,0,2,beta
0.6409743076409743,1,2,beta
0.641307974641308,1,2,beta
0.6416416416416416,1,2,beta
0.6396396396396397,1,2,beta
0.6401401401401401,1,2,beta
0.6406406406406406,1,2,beta
0.6386386386386387,0,2,beta
0.6389723056389723,1,2,beta
0.639305972639306,1,2,beta
0.6396396396396397,1,2,beta
0.6376376376376376,1,2,beta
0.6381381381381381,1,2,beta
0.6386386386386387,1,2,beta
0.6366366366366366,0,2,beta
0.6369703036369703,1,2,beta
0.6373039706373039,1,2,beta
0.6376376376376376,1,2,beta
0.6356356356356356,1,2,beta
0.6366366366366366,1,2,beta
0.6346346346346347,0,2,beta
0.6349683016349683,1,2,beta
0.635301968635302,1,2,beta
0.6356356356356356,1,2,beta
0.6336336336336337,1,2,beta
0.6341341341341342,1,2,beta
0.6346346346346347,1,2,beta
0.6326326326326326,0,2,beta
0.6331331331331331,1,2,beta
0.6336336336336337,1,2,beta
0.6316316316316316,1,2,beta
0.632132132132132,1,2,beta
0.6326326326326326,1,2,beta
0.6306306306306306,0,2,beta
0.6309642976309643,1,2,beta
0.631297964631298,1,2,beta
0.6316316316316316,1,2,beta
0.6296296296296297,1,2,beta
0.6306306306306306,1,2,beta
0.6286286286286287,0,2,beta
0.6289622956289623,1,2,beta
0.629295962629296,1,2,beta
0.6296296296296297,1,2,beta
0.6276276276276276,1,2,beta
0.6286286286286287,1,2,beta
0.6266266266266266,0,2,beta
0.6269602936269603,1,2,beta
0.6272939606272939,1,2,beta
0.6276276276276276,1,2,beta
0.6256256256256256,1,2,beta
0.6266266266266266,1,2,beta
0.6246246246246246,0,2,beta
0.6249582916249583,1,2,beta
0.625291958625292,1,2,beta
0.6256256256256256,1,2,beta
0.6236236236236237,1,2,beta
0.6246246246246246,1,2,beta
0.6226226226226226,0,2,beta
0.6231231231231231,1,2,beta
0.6236236236236237,1,2,beta
0.6216216216216216,1,2,beta
0.622122122122122,1,2,beta
0.6226226226226226,1,2,beta
0.6206206206206206,0,2,beta
0.6211211211211212,1,2,beta
0.6216216216216216,1,2,beta
0.6196196196196196,1,2,beta
0.6206206206206206,1,2,beta
0.6186186186186187,0,2,beta
0.6191191191191192,1,2,beta
0.6196196196196196,1,2,beta
0.6176176176176176,1,2,beta
0.6181181181181181,1,2,beta
0.6186186186186187,1,2,beta
0.6166166166166166,0,2,beta
0.617117117117117,1,2,beta
0.6176176176176176,1,2,beta
0.6156156156156156,1,2,beta
0.6166166166166166,1,2,beta
0.6146146146146146,0,2,beta
0.6151151151151151,1,2,beta
0.6156156156156156,1,2,beta
0.6136136136136137,1,2,beta
0.6146146146146146,1,2,beta
0.6126126126126126,0,2,beta
0.6131131131131131,1,2,beta
0.6136136136136137,1,2,beta
0.6116116116116116,1,2,beta
0.6126126126126126,1,2,beta
0.6106106106106106,0,2,beta
0.6111111111111112,1,2,beta
0.6116116116116116,1,2,beta
0.6096096096096096,1,2,beta
0.6106106106106106,1,2,beta
0.6086086086086087,0,2,beta
0.6091091091091092,1,2,beta
0.6096096096096096,1,2,beta
0.6076076076076076,1,2,beta
0.6086086086086087,1,2,beta
0.6066066066066066,0,2,beta
0.6076076076076076,1,2,beta
0.6056056056056056,1,2,beta
0.6066066066066066,1,2,beta
0.6046046046046046,0,2,beta
0.6051051051051051,1,2,beta
0.6056056056056056,1,2,beta
0.6036036036036035,1,2,beta
0.6046046046046046,1,2,beta
0.6026026026026026,0,2,beta
0.6036036036036035,1,2,beta
0.6016016016016016,1,2,beta
0.6026026026026026,1,2,beta
0.6006006006006006,0,2,beta
0.6011011011011012,1,2,beta
0.6016016016016016,1,2,beta
0.5995995995995996,1,2,beta
0.5985985985985985,0,2,beta
0.5990990990990991,1,2,beta
0.5995995995995996,1,2,beta
0.5975975975975976,1,2,beta
0.5965965965965966,0,2,beta
0.597097097097097,1,2,beta
0.5975975975975976,1,2,beta
0.5955955955955956,1,2,beta
0.5945945945945946,0,2,beta
0.5950950950950951,1,2,beta
0.5955955955955956,1,2,beta
0.5935935935935935,1,2,beta
0.5925925925925926,0,2,beta
0.5930930930930931,1,2,beta
0.5935935935935935,1,2,beta
0.5915915915915916,1,2,beta
0.5905905905905906,0,2,beta
0.5915915915915916,1,2,beta
0.5895895895895896,1,2,beta
0.5905905905905906,1,2,beta
0.5885885885885885,0,2,beta
0.5895895895895896,1,2,beta
0.5875875875875876,1,2,beta
0.5865865865865866,0,2,beta
0.5875875875875876,1,2,beta
0.5855855855855856,1,2,beta
0.5865865865865866,1,2,beta
0.5845845845845846,0,2,beta
0.5855855855855856,1,2,beta
0.5835835835835835,1,2,beta
0.5825825825825826,0,2,beta
0.5835835835835835,1,2,beta
0.5815815815815816,1,2,beta
0.5805805805805806,0,2,beta
0.5815815815815816,1,2,beta
0.5795795795795796,1,2,beta
0.5785785785785785,0,2,beta
0.5795795795795796,1,2,beta
0.5775775775775776,1,2,beta
0.5765765765765766,0,2,beta
0.5775775775775776,1,2,beta
0.5755755755755756,1,2,beta
0.5745745745745746,0,2,beta
0.5755755755755756,1,2,beta
0.5735735735735735,1,2,beta
0.5725725725725725,0,2,beta
0.5735735735735735,1,2,beta
0.5715715715715716,1,2,beta
0.5705705705705706,0,2,beta
0.5695695695695696,1,2,beta
0.5685685685685685,0,2,beta
0.5695695695695696,1,2,beta
0.5675675675675675,1,2,beta
0.5665665665665666,0,2,beta
0.5655655655655656,1,2,beta
0.5645645645645646,0,2,beta
0.5655655655655656,1,2,beta
0.5635635635635635,1,2,beta
0.5625625625625625,0,2,beta
0.5615615615615616,1,2,beta
0.5605605605605606,0,2,beta
0.5595595595595596,1,2,beta
0.5585585585585585,0,2,beta
0.5595595595595596,1,2,beta
0.5565565565565566,0,2,beta
0.5575575575575575,1,2,beta
0.5545545545545546,0,2,beta
0.5555555555555556,1,2,beta
0.5525525525525525,0,2,beta
0.5535535535535535,1,2,beta
0.5505505505505506,0,2,beta
0.5515515515515516,1,2,beta
0.5485485485485485,0,2,beta
0.5495495495495496,1,2,beta
0.5465465465465466,0,2,beta
0.5455455455455456,1,2,beta
0.5445445445445445,0,2,beta
0.5435435435435435,1,2,beta
0.5425425425425425,0,2,beta
0.5405405405405406,0,2,beta
0.5415415415415415,1,2,beta
0.5385385385385385,0,2,beta
0.5375375375375375,1,2,beta
0.5365365365365365,0,2,beta
0.5345345345345345,0,2,beta
0.5335335335335335,1,2,beta
0.5325325325325325,0,2,beta
0.5305305305305306,0,2,beta
0.5295295295295295,1,2,beta
0.5285285285285285,0,2,beta
0.5265265265265265,0,2,beta
0.5245245245245245,0,2,beta
0.5255255255255256,1,2,beta
0.5225225225225225,0,2,beta
0.5205205205205206,0,2,beta
0.5195195195195195,1,2,beta
0.5185185185185185,0,2,beta
0.5165165165165165,0,2,beta
0.5145145145145145,0,2,beta
0.5125125125125125,0,2,beta
0.5115115115115115,1,2,beta
0.5105105105105106,0,2,beta
0.5085085085085085,0,2,beta
0.5065065065065065,0,2,beta
0.5045045045045045,0,2,beta
0.5025025025025025,0,2,beta
0.5005005005005005,0,2,beta
0.5015015015015015,1,2,beta
0.4984984984984985,0,2,beta
0.4964964964964965,0,2,beta
0.4944944944944945,0,2,beta
0.4924924924924925,0,2,beta
0.4904904904904905,0,2,beta
0.48848848848848847,0,2,beta
0.48648648648648646,0,2,beta
0.4844844844844845,0,2,beta
0.4824824824824825,0,2,beta
0.4804804804804805,0,2,beta
0.4794794794794795,1,2,beta
0.47847847847847846,0,2,beta
0.47647647647647645,0,2,beta
0.4744744744744745,0,2,beta
0.4724724724724725,0,2,beta
0.47047047047047047,0,2,beta
0.46846846846846846,0,2,beta
0.46646646646646645,0,2,beta
0.46446446446446443,0,2,beta
0.4624624624624625,0,2,beta
0.46046046046046046,0,2,beta
0.45845845845845845,0,2,beta
0.45645645645645644,0,2,beta
0.4544544544544544,0,2,beta
0.45245245245245247,0,2,beta
0.45045045045045046,0,2,beta
0.44844844844844844,0,2,beta
0.44644644644644643,0,2,beta
0.4444444444444444,0,2,beta
0.44244244244244246,0,2,beta
0.44044044044044045,0,2,beta
0.43843843843843844,0,2,beta
0.4364364364364364,0,2,beta
0.4344344344344344,0,2,beta
0.43243243243243246,0,2,beta
0.43043043043043044,0,2,beta
0.42842842842842843,0,2,beta
0.4264264264264264,0,2,beta
0.4244244244244244,0,2,beta
0.4224224224224224,0,2,beta
0.42042042042042044,0,2,beta
0.4184184184184184,0,2,beta
0.4164164164164164,0,2,beta
0.4144144144144144,0,2,beta
0.4124124124124124,0,2,beta
0.41041041041041043,0,2,beta
0.4084084084084084,0,2,beta
0.4064064064064064,0,2,beta
0.4044044044044044,0,2,beta
0.4024024024024024,0,2,beta
0.40040040040040037,0,2,beta
0.3983983983983984,0,2,beta
0.3963963963963964,0,2,beta
0.3943943943943944,0,2,beta
0.3923923923923924,0,2,beta
0.39039039039039036,0,2,beta
0.3883883883883884,0,2,beta
0.3863863863863864,0,2,beta
0.3843843843843844,0,2,beta
0.38238238238238237,0,2,beta
0.38038038038038036,0,2,beta
0.3783783783783784,0,2,beta
0.3763763763763764,0,2,beta
0.3743743743743744,0,2,beta
0.37237237237237236,0,2,beta
0.37037037037037035,0,2,beta
0.3683683683683684,0,2,beta
0.3663663663663664,0,2,beta
0.36436436436436437,0,2,beta
0.36236236236236236,0,2,beta
0.36036036036036034,0,2,beta
0.35835835835835833,0,2,beta
0.3563563563563564,0,2,beta
0.35435435435435436,0,2,beta
0.35235235235235235,0,2,beta
0.35035035035035034,0,2,beta
0.3483483483483483,0,2,beta
0.34634634634634637,0,2,beta
0.34434434434434436,0,2,beta
0.34234234234234234,0,2,beta
0.34034034034034033,0,2,beta
0.3383383383383383,0,2,beta
0.3363363363363363,0,2,beta
0.33433433433433435,0,2,beta
0.33233233233233234,0,2,beta
0.3303303303303303,0,2,beta
0.3283283283283283,0,2,beta
0.3263263263263263,0,2,beta
0.32432432432432434,0,2,beta
0.32232232232232233,0,2,beta
0.3203203203203203,0,2,beta
0.3183183183183183,0,2,beta
0.3163163163163163,0,2,beta
0.31431431431431434,0,2,beta
0.3123123123123123,0,2,beta
0.3103103103103103,0,2,beta
0.3083083083083083,0,2,beta
0.3063063063063063,0,2,beta
0.30430430430430433,0,2,beta
0.3023023023023023,0,2,beta
0.3003003003003003,0,2,beta
0.2982982982982983,0,2,beta
0.2962962962962963,0,2,beta
0.29429429429429427,0,2,beta
0.2922922922922923,0,2,beta
0.2902902902902903,0,2,beta
0.2882882882882883,0,2,beta
0.2862862862862863,0,2,beta
0.28428428428428426,0,2,beta
0.2822822822822823,0,2,beta
0.2802802802802803,0,2,beta
0.2782782782782783,0,2,beta
0.27627627627627627,0,2,beta
0.27427427427427425,0,2,beta
0.27227227227227224,0,2,beta
0.2702702702702703,0,2,beta
0.2682682682682683,0,2,beta
0.26626626626626626,0,2,beta
0.26426426426426425,0,2,beta
0.26226226226226224,0,2,beta
0.2602602602602603,0,2,beta
0.25825825825825827,0,2,beta
0.25625625625625625,0,2,beta
0.25425425425425424,0,2,beta
0.25225225225225223,0,2,beta
0.2502502502502503,0,2,beta
0.24824824824824826,0,2,beta
0.24624624624624625,0,2,beta
0.24424424424424424,0,2,beta
0.24224224224224225,0,2,beta
0.24024024024024024,0,2,beta
0.23823823823823823,0,2,beta
0.23623623623623624,0,2,beta
0.23423423423423423,0,2,beta
0.23223223223223222,0,2,beta
0.23023023023023023,0,2,beta
0.22822822822822822,0,2,beta
0.22622622622622623,0,2,beta
0.22422422422422422,0,2,beta
0.2222222222222222,0,2,beta
0.22022022022022023,0,2,beta
0.2182182182182182,0,2,beta
0.21621621621621623,0,2,beta
0.21421421421421422,0,2,beta
0.2122122122122122,0,2,beta
0.21021021021021022,0,2,beta
0.2082082082082082,0,2,beta
0.2062062062062062,0,2,beta
0.2042042042042042,0,2,beta
0.2022022022022022,0,2,beta
0.20020020020020018,0,2,beta
0.1981981981981982,0,2,beta
0.1961961961961962,0,2,beta
0.1941941941941942,0,2,beta
0.1921921921921922,0,2,beta
0.19019019019019018,0,2,beta
0.1881881881881882,0,2,beta
0.18618618618618618,0,2,beta
0.1841841841841842,0,2,beta
0.18218218218218218,0,2,beta
0.18018018018018017,0,2,beta
0.1781781781781782,0,2,beta
0.17617617617617617,0,2,beta
0.17417417417417416,0,2,beta
0.17217217217217218,0,2,beta
0.17017017017017017,0,2,beta
0.16816816816816815,0,2,beta
0.16616616616616617,0,2,beta
0.16416416416416416,0,2,beta
0.16216216216216217,0,2,beta
0.16016016016016016,0,2,beta
0.15815815815815815,0,2,beta
0.15615615615615616,0,2,beta
0.15415415415415415,0,2,beta
0.15215215215215216,0,2,beta
0.15015015015015015,0,2,beta
0.14814814814814814,0,2,beta
0.14614614614614616,0,2,beta
0.14414414414414414,0,2,beta
0.14214214214214213,0,2,beta
0.14014014014014015,0,2,beta
0.13813813813813813,0,2,beta
0.13613613613613612,0,2,beta
0.13413413413413414,0,2,beta
0.13213213213213212,0,2,beta
0.13013013013013014,0,2,beta
0.12812812812812813,0,2,beta
0.12612612612612611,0,2,beta
0.12412412412412413,0,2,beta
0.12212212212212212,0,2,beta
0.12012012012012012,0,2,beta
0.11811811811811812,0,2,beta
0.11611611611611611,0,2,beta
0.11411411411411411,0,2,beta
0.11211211211211211,0,2,beta
0.11011011011011011,0,2,beta
0.10810810810810811,0,2,beta
0.1061061061061061,0,2,beta
0.1041041041041041,0,2,beta
0.1021021021021021,0,2,beta
0.10010010010010009,0,2,beta
0.0980980980980981,0,2,beta
0.0960960960960961,0,2,beta
0.0940940940940941,0,2,beta
0.0920920920920921,0,2,beta
0.09009009009009009,0,2,beta
0.08808808808808809,0,2,beta
0.08608608608608609,0,2,beta
0.08408408408408408,0,2,beta
0.08208208208208208,0,2,beta
0.08008008008008008,0,2,beta
0.07807807807807808,0,2,beta
0.07607607607607608,0,2,beta
0.07407407407407407,0,2,beta
0.07207207207207207,0,2,beta
0.07007007007007007,0,2,beta
0.06806806806806806,0,2,beta
0.06606606606606606,0,2,beta
0.06406406406406406,0,2,beta
0.062062062062062065,0,2,beta
0.06006006006006006,0,2,beta
0.058058058058058054,0,2,beta
0.056056056056056056,0,2,beta
0.05405405405405406,0,2,beta
0.05205205205205205,0,2,beta
0.050050050050050046,0,2,beta
0.04804804804804805,0,2,beta
0.04604604604604605,0,2,beta
0.044044044044044044,0,2,beta
0.04204204204204204,0,2,beta
0.04004004004004004,0,2,beta
0.03803803803803804,0,2,beta
0.036036036036036036,0,2,beta
0.03403403403403403,0,2,beta
0.03203203203203203,0,2,beta
0.03003003003003003,0,2,beta
0.028028028028028028,0,2,beta
0.026026026026026026,0,2,beta
0.024024024024024024,0,2,beta
0.022022022022022022,0,2,beta
0.02002002002002002,0,2,beta
0.018018018018018018,0,2,beta
0.016016016016016016,0,2,beta
0.014014014014014014,0,2,beta
0.012012012012012012,0,2,beta
0.01001001001001001,0,2,beta
0.008008008008008008,0,2,beta
0.006006006006006006,0,2,beta
0.004004004004004004,0,2,beta
0.002002002002002002,0,2,beta
0.0,0,2,beta
0.998998998998999,0,4,piecewise
1.0,1,4,piecewise
0.997997997997998,1,4,piecewise
0.998998998998999,1,4,piecewise
0.996996996996997,0,4,piecewise
0.997997997997998,1,4,piecewise
0.995995995995996,1,4,piecewise
0.994994994994995,0,4,piecewise
0.995995995995996,1,4,piecewise
0.993993993993994,1,4,piecewise
0.994994994994995,1,4,piecewise
0.992992992992993,0,4,piecewise
0.993993993993994,1,4,piecewise
0.991991991991992,1,4,piecewise
0.990990990990991,0,4,piecewise
0.991991991991992,1,4,piecewise
0.98998998998999,1,4,piecewise
0.990990990990991,1,4,piecewise
0.988988988988989,0,4,piecewise
0.98998998998999,1,4,piecewise
0.9879879879879879,1,4,piecewise
0.986986986986987,0,4,piecewise
0.9879879879879879,1,4,piecewise
0.985985985985986,1,4,piecewise
0.986986986986987,1,4,piecewise
0.984984984984985,0,4,piecewise
0.985985985985986,1,4,piecewise
0.983983983983984,1,4,piecewise
0.9829829829829829,0,4,piecewise
0.983983983983984,1,4,piecewise
0.9819819819819819,1,4,piecewise
0.9829829829829829,1,4,piecewise
0.980980980980981,0,4,piecewise
0.9819819819819819,1,4,piecewise
0.97997997997998,1,4,piecewise
0.978978978978979,0,4,piecewise
0.97997997997998,1,4,piecewise
0.9779779779779779,1,4,piecewise
0.978978978978979,1,4,piecewise
0.9769769769769769,0,4,piecewise
0.9779779779779779,1,4,piecewise
0.975975975975976,1,4,piecewise
0.974974974974975,0,4,piecewise
0.975975975975976,1,4,piecewise
0.973973973973974,1,4,piecewise
0.974974974974975,1,4,piecewise
0.9729729729729729,0,4,piecewise
0.973973973973974,1,4,piecewise
0.9719719719719719,1,4,piecewise
0.970970970970971,0,4,piecewise
0.9719719719719719,1,4,piecewise
0.96996996996997,1,4,piecewise
0.970970970970971,1,4,piecewise
0.968968968968969,0,4,piecewise
0.96996996996997,1,4,piecewise
0.9679679679679679,1,4,piecewise
0.9669669669669669,0,4,piecewise
0.9679679679679679,1,4,piecewise
0.965965965965966,1,4,piecewise
0.9669669669669669,1,4,piecewise
0.964964964964965,0,4,piecewise
0.965965965965966,1,4,piecewise
0.963963963963964,1,4,piecewise
0.9629629629629629,0,4,piecewise
0.963963963963964,1,4,piecewise
0.9619619619619619,1,4,piecewise
0.9629629629629629,1,4,piecewise
0.960960960960961,0,4,piecewise
0.9619619619619619,1,4,piecewise
0.95995995995996,1,4,piecewise
0.958958958958959,0,4,piecewise
0.95995995995996,1,4,piecewise
0.9579579579579579,1,4,piecewise
0.958958958958959,1,4,piecewise
0.9569569569569569,0,4,piecewise
0.9579579579579579,1,4,piecewise
0.955955955955956,1,4,piecewise
0.954954954954955,0,4,piecewise
0.955955955955956,1,4,piecewise
0.953953953953954,1,4,piecewise
0.954954954954955,1,4,piecewise
0.9529529529529529,0,4,piecewise
0.953953953953954,1,4,piecewise
0.9519519519519519,1,4,piecewise
0.950950950950951,0,4,piecewise
0.9519519519519519,1,4,piecewise
0.94994994994995,1,4,piecewise
0.950950950950951,1,4,piecewise
0.948948948948949,0,4,piecewise
0.94994994994995,1,4,piecewise
0.9479479479479479,1,4,piecewise
0.9469469469469469,0,4,piecewise
0.9479479479479479,1,4,piecewise
0.9459459459459459,1,4,piecewise
0.9469469469469469,1,4,piecewise
0.944944944944945,0,4,piecewise
0.9459459459459459,1,4,piecewise
0.943943943943944,1,4,piecewise
0.9429429429429429,0,4,piecewise
0.943943943943944,1,4,piecewise
0.9419419419419419,1,4,piecewise
0.9429429429429429,1,4,piecewise
0.9409409409409409,0,4,piecewise
0.9419419419419419,1,4,piecewise
0.93993993993994,1,4,piecewise
0.938938938938939,0,4,piecewise
0.93993993993994,1,4,piecewise
0.9379379379379379,1,4,piecewise
0.938938938938939,1,4,piecewise
0.9369369369369369,0,4,piecewise
0.9379379379379379,1,4,piecewise
0.9359359359359359,1,4,piecewise
0.934934934934935,0,4,piecewise
0.9359359359359359,1,4,piecewise
0.933933933933934,1,4,piecewise
0.934934934934935,1,4,piecewise
0.9329329329329329,0,4,piecewise
0.933933933933934,1,4,piecewise
0.9319319319319319,1,4,piecewise
0.9309309309309309,0,4,piecewise
0.9319319319319319,1,4,piecewise
0.92992992992993,1,4,piecewise
0.9309309309309309,1,4,piecewise
0.9289289289289289,0,4,piecewise
0.92992992992993,1,4,piecewise
0.9279279279279279,1,4,piecewise
0.9269269269269269,0,4,piecewise
0.9279279279279279,1,4,piecewise
0.9259259259259259,1,4,piecewise
0.9269269269269269,1,4,piecewise
0.924924924924925,0,4,piecewise
0.9259259259259259,1,4,piecewise
0.9239239239239239,1,4,piecewise
0.9229229229229229,0,4,piecewise
0.9239239239239239,1,4,piecewise
0.9219219219219219,1,4,piecewise
0.9229229229229229,1,4,piecewise
0.9209209209209209,0,4,piecewise
0.9219219219219219,1,4,piecewise
0.91991991991992,1,4,piecewise
0.9189189189189189,0,4,piecewise
0.91991991991992,1,4,piecewise
0.9179179179179179,1,4,piecewise
0.9189189189189189,1,4,piecewise
0.9169169169169169,0,4,piecewise
0.9179179179179179,1,4,piecewise
0.9159159159159159,1,4,piecewise
0.914914914914915,0,4,piecewise
0.9159159159159159,1,4,piecewise
0.9139139139139139,1,4,piecewise
0.914914914914915,1,4,piecewise
0.9129129129129129,0,4,piecewise
0.9139139139139139,1,4,piecewise
0.9119119119119119,1,4,piecewise
0.9109109109109109,0,4,piecewise
0.9119119119119119,1,4,piecewise
0.9099099099099099,1,4,piecewise
0.9109109109109109,1,4,piecewise
0.9089089089089089,0,4,piecewise
0.9099099099099099,1,4,piecewise
0.9079079079079079,1,4,piecewise
0.9069069069069069,0,4,piecewise
0.9079079079079079,1,4,piecewise
0.9059059059059059,1,4,piecewise
0.9069069069069069,1,4,piecewise
0.9049049049049049,0,4,piecewise
0.9059059059059059,1,4,piecewise
0.9039039039039038,1,4,piecewise
0.9029029029029029,0,4,piecewise
0.9039039039039038,1,4,piecewise
0.9019019019019019,1,4,piecewise
0.9029029029029029,1,4,piecewise
0.9009009009009009,0,4,piecewise
0.9019019019019019,1,4,piecewise
0.8998998998998999,1,4,piecewise
0.8988988988988988,0,4,piecewise
0.8998998998998999,1,4,piecewise
0.8978978978978979,1,4,piecewise
0.8988988988988988,1,4,piecewise
0.8968968968968969,0,4,piecewise
0.8978978978978979,1,4,piecewise
0.8958958958958959,1,4,piecewise
0.8948948948948949,0,4,piecewise
0.8958958958958959,1,4,piecewise
0.8938938938938938,1,4,piecewise
0.8948948948948949,1,4,piecewise
0.8928928928928929,0,4,piecewise
0.8938938938938938,1,4,piecewise
0.8918918918918919,1,4,piecewise
0.8908908908908909,0,4,piecewise
0.8918918918918919,1,4,piecewise
0.8898898898898899,1,4,piecewise
0.8908908908908909,1,4,piecewise
0.8888888888888888,0,4,piecewise
0.8898898898898899,1,4,piecewise
0.8878878878878879,1,4,piecewise
0.8868868868868869,0,4,piecewise
0.8878878878878879,1,4,piecewise
0.8858858858858859,1,4,piecewise
0.8868868868868869,1,4,piecewise
0.8848848848848849,0,4,piecewise
0.8858858858858859,1,4,piecewise
0.8838838838838838,1,4,piecewise
0.8828828828828829,0,4,piecewise
0.8838838838838838,1,4,piecewise
0.8818818818818819,1,4,piecewise
0.8828828828828829,1,4,piecewise
0.8808808808808809,0,4,piecewise
0.8818818818818819,1,4,piecewise
0.8798798798798799,1,4,piecewise
0.8788788788788788,0,4,piecewise
0.8798798798798799,1,4,piecewise
0.8778778778778779,1,4,piecewise
0.8788788788788788,1,4,piecewise
0.8768768768768769,0,4,piecewise
0.8778778778778779,1,4,piecewise
0.8758758758758759,1,4,piecewise
0.8748748748748749,0,4,piecewise
0.8758758758758759,1,4,piecewise
0.8738738738738738,1,4,piecewise
0.8748748748748749,1,4,piecewise
0.8728728728728729,0,4,piecewise
0.8738738738738738,1,4,piecewise
0.8718718718718719,1,4,piecewise
0.8708708708708709,0,4,piecewise
0.8718718718718719,1,4,piecewise
0.8698698698698699,1,4,piecewise
0.8708708708708709,1,4,piecewise
0.8688688688688688,0,4,piecewise
0.8698698698698699,1,4,piecewise
0.8678678678678678,1,4,piecewise
0.8668668668668669,0,4,piecewise
0.8678678678678678,1,4,piecewise
0.8658658658658659,1,4,piecewise
0.8668668668668669,1,4,piecewise
0.8648648648648649,0,4,piecewise
0.8658658658658659,1,4,piecewise
0.8638638638638638,1,4,piecewise
0.8628628628628628,0,4,piecewise
0.8638638638638638,1,4,piecewise
0.8618618618618619,1,4,piecewise
0.8628628628628628,1,4,piecewise
0.8608608608608609,0,4,piecewise
0.8618618618618619,1,4,piecewise
0.8598598598598598,1,4,piecewise
0.8588588588588588,0,4,piecewise
0.8598598598598598,1,4,piecewise
0.8578578578578578,1,4,piecewise
0.8588588588588588,1,4,piecewise
0.8568568568568569,0,4,piecewise
0.8578578578578578,1,4,piecewise
0.8558558558558559,1,4,piecewise
0.8548548548548548,0,4,piecewise
0.8558558558558559,1,4,piecewise
0.8538538538538538,1,4,piecewise
0.8548548548548548,1,4,piecewise
0.8528528528528528,0,4,piecewise
0.8538538538538538,1,4,piecewise
0.8518518518518519,1,4,piecewise
0.8508508508508509,0,4,piecewise
0.8518518518518519,1,4,piecewise
0.8498498498498498,1,4,piecewise
0.8508508508508509,1,4,piecewise
0.8488488488488488,0,4,piecewise
0.8498498498498498,1,4,piecewise
0.8478478478478478,1,4,piecewise
0.8468468468468469,0,4,piecewise
0.8478478478478478,1,4,piecewise
0.8458458458458459,1,4,piecewise
0.8468468468468469,1,4,piecewise
0.8448448448448448,0,4,piecewise
0.8458458458458459,1,4,piecewise
0.8438438438438438,1,4,piecewise
0.8428428428428428,0,4,piecewise
0.8438438438438438,1,4,piecewise
0.8418418418418419,1,4,piecewise
0.8428428428428428,1,4,piecewise
0.8408408408408409,0,4,piecewise
0.8418418418418419,1,4,piecewise
0.8398398398398398,1,4,piecewise
0.8388388388388388,0,4,piecewise
0.8398398398398398,1,4,piecewise
0.8378378378378378,1,4,piecewise
0.8388388388388388,1,4,piecewise
0.8368368368368369,0,4,piecewise
0.8378378378378378,1,4,piecewise
0.8358358358358359,1,4,piecewise
0.8348348348348348,0,4,piecewise
0.8358358358358359,1,4,piecewise
0.8338338338338338,1,4,piecewise
0.8348348348348348,1,4,piecewise
0.8328328328328328,0,4,piecewise
0.8338338338338338,1,4,piecewise
0.8318318318318318,1,4,piecewise
0.8308308308308309,0,4,piecewise
0.8318318318318318,1,4,piecewise
0.8298298298298298,1,4,piecewise
0.8308308308308309,1,4,piecewise
0.8288288288288288,0,4,piecewise
0.8298298298298298,1,4,piecewise
0.8278278278278278,1,4,piecewise
0.8268268268268268,0,4,piecewise
0.8278278278278278,1,4,piecewise
0.8258258258258259,1,4,piecewise
0.8268268268268268,1,4,piecewise
0.8248248248248248,0,4,piecewise
0.8258258258258259,1,4,piecewise
0.8238238238238238,1,4,piecewise
0.8228228228228228,0,4,piecewise
0.8238238238238238,1,4,piecewise
0.8218218218218218,1,4,piecewise
0.8228228228228228,1,4,piecewise
0.8208208208208209,0,4,piecewise
0.8218218218218218,1,4,piecewise
0.8198198198198198,1,4,piecewise
0.8188188188188188,0,4,piecewise
0.8198198198198198,1,4,piecewise
0.8178178178178178,1,4,piecewise
0.8188188188188188,1,4,piecewise
0.8168168168168168,0,4,piecewise
0.8178178178178178,1,4,piecewise
0.8158158158158159,1,4,piecewise
0.8148148148148148,0,4,piecewise
0.8158158158158159,1,4,piecewise
0.8138138138138138,1,4,piecewise
0.8148148148148148,1,4,piecewise
0.8128128128128128,0,4,piecewise
0.8138138138138138,1,4,piecewise
0.8118118118118118,1,4,piecewise
0.8108108108108109,0,4,piecewise
0.8118118118118118,1,4,piecewise
0.8098098098098098,1,4,piecewise
0.8108108108108109,1,4,piecewise
0.8088088088088088,0,4,piecewise
0.8098098098098098,1,4,piecewise
0.8078078078078078,1,4,piecewise
0.8068068068068068,0,4,piecewise
0.8078078078078078,1,4,piecewise
0.8058058058058059,1,4,piecewise
0.8068068068068068,1,4,piecewise
0.8048048048048048,0,4,piecewise
0.8058058058058059,1,4,piecewise
0.8038038038038038,1,4,piecewise
0.8028028028028028,0,4,piecewise
0.8038038038038038,1,4,piecewise
0.8018018018018018,1,4,piecewise
0.8028028028028028,1,4,piecewise
0.8008008008008007,0,4,piecewise
0.8018018018018018,1,4,piecewise
0.7997997997997998,1,4,piecewise
0.7987987987987988,0,4,piecewise
0.7992992992992993,1,4,piecewise
0.7997997997997998,1,4,piecewise
0.7977977977977978,1,4,piecewise
0.7967967967967968,0,4,piecewise
0.7977977977977978,1,4,piecewise
0.7957957957957957,1,4,piecewise
0.7947947947947948,0,4,piecewise
0.7952952952952952,1,4,piecewise
0.7957957957957957,1,4,piecewise
0.7937937937937938,1,4,piecewise
0.7927927927927928,0,4,piecewise
0.7937937937937938,1,4,piecewise
0.7917917917917918,1,4,piecewise
0.7907907907907907,0,4,piecewise
0.7912912912912913,1,4,piecewise
0.7917917917917918,1,4,piecewise
0.7897897897897898,1,4,piecewise
0.7887887887887888,0,4,piecewise
0.7897897897897898,1,4,piecewise
0.7877877877877878,1,4,piecewise
0.7867867867867868,0,4,piecewise
0.7872872872872874,1,4,piecewise
0.7877877877877878,1,4,piecewise
0.7857857857857857,1,4,piecewise
0.7847847847847848,0,4,piecewise
0.7857857857857857,1,4,piecewise
0.7837837837837838,1,4,piecewise
0.7827827827827828,0,4,piecewise
0.7832832832832832,1,4,piecewise
0.7837837837837838,1,4,piecewise
0.7817817817817818,1,4,piecewise
0.7807807807807807,0,4,piecewise
0.7817817817817818,1,4,piecewise
0.7797797797797797,1,4,piecewise
0.7787787787787788,0,4,piecewise
0.7792792792792793,1,4,piecewise
0.7797797797797797,1,4,piecewise
0.7777777777777778,1,4,piecewise
0.7767767767767768,0,4,piecewise
0.7777777777777778,1,4,piecewise
0.7757757757757757,1,4,piecewise
0.7747747747747747,0,4,piecewise
0.7752752752752752,1,4,piecewise
0.7757757757757757,1,4,piecewise
0.7737737737737738,1,4,piecewise
0.7727727727727728,0,4,piecewise
0.7717717717717718,1,4,piecewise
0.7707707707707707,0,4,piecewise
0.7687687687687688,0,4,piecewise
0.7697697697697697,1,4,piecewise
0.7667667667667668,0,4,piecewise
0.7647647647647647,0,4,piecewise
0.7657657657657657,1,4,piecewise
0.7627627627627628,0,4,piecewise
0.7617617617617618,1,4,piecewise
0.7607607607607607,0,4,piecewise
0.7587587587587588,0,4,piecewise
0.7577577577577578,1,4,piecewise
0.7567567567567568,0,4,piecewise
0.7547547547547547,0,4,piecewise
0.7557557557557557,1,4,piecewise
0.7527527527527528,0,4,piecewise
0.7507507507507507,0,4,piecewise
0.7517517517517518,1,4,piecewise
0.7487487487487487,0,4,piecewise
0.7477477477477478,1,4,piecewise
0.7467467467467468,0,4,piecewise
0.7447447447447447,0,4,piecewise
0.7437437437437437,1,4,piecewise
0.7427427427427428,0,4,piecewise
0.7407407407407407,0,4,piecewise
0.7397397397397397,1,4,piecewise
0.7387387387387387,0,4,piecewise
0.7367367367367368,0,4,piecewise
0.7377377377377378,1,4,piecewise
0.7347347347347347,0,4,piecewise
0.7327327327327328,0,4,piecewise
0.7337337337337337,1,4,piecewise
0.7307307307307307,0,4,piecewise
0.7297297297297297,1,4,piecewise
0.7287287287287287,0,4,piecewise
0.7267267267267267,0,4,piecewise
0.7257257257257257,1,4,piecewise
0.7247247247247247,0,4,piecewise
0.7227227227227228,0,4,piecewise
0.7237237237237237,1,4,piecewise
0.7207207207207207,0,4,piecewise
0.7187187187187187,0,4,piecewise
0.7197197197197197,1,4,piecewise
0.7167167167167167,0,4,piecewise
0.7147147147147147,0,4,piecewise
0.7157157157157157,1,4,piecewise
0.7127127127127127,0,4,piecewise
0.7117117117117117,1,4,piecewise
0.7107107107107107,0,4,piecewise
0.7087087087087087,0,4,piecewise
0.7077077077077077,1,4,piecewise
0.7067067067067067,0,4,piecewise
0.7047047047047047,0,4,piecewise
0.7057057057057057,1,4,piecewise
0.7027027027027027,0,4,piecewise
0.7007007007007007,0,4,piecewise
0.7017017017017017,1,4,piecewise
0.6986986986986987,0,4,piecewise
0.6976976976976977,1,4,piecewise
0.6966966966966966,0,4,piecewise
0.6946946946946947,0,4,piecewise
0.6936936936936937,1,4,piecewise
0.6926926926926927,0,4,piecewise
0.6906906906906907,0,4,piecewise
0.6896896896896897,1,4,piecewise
0.6886886886886887,0,4,piecewise
0.6866866866866866,0,4,piecewise
0.6876876876876877,1,4,piecewise
0.6846846846846847,0,4,piecewise
0.6826826826826827,0,4,piecewise
0.6836836836836837,1,4,piecewise
0.6806806806806807,0,4,piecewise
0.6796796796796797,1,4,piecewise
0.6786786786786787,0,4,piecewise
0.6766766766766766,0,4,piecewise
0.6756756756756757,1,4,piecewise
0.6746746746746747,0,4,piecewise
0.6726726726726726,0,4,piecewise
0.6736736736736737,1,4,piecewise
0.6706706706706707,0,4,piecewise
0.6686686686686687,0,4,piecewise
0.6696696696696697,1,4,piecewise
0.6666666666666666,0,4,piecewise
0.6646646646646647,0,4,piecewise
0.6656656656656657,1,4,piecewise
0.6626626626626626,0,4,piecewise
0.6616616616616616,1,4,piecewise
0.6606606606606606,0,4,piecewise
0.6586586586586587,0,4,piecewise
0.6576576576576576,1,4,piecewise
0.6566566566566566,0,4,piecewise
0.6546546546546547,0,4,piecewise
0.6556556556556556,1,4,piecewise
0.6526526526526526,0,4,piecewise
0.6506506506506506,0,4,piecewise
0.6516516516516516,1,4,piecewise
0.6486486486486487,0,4,piecewise
0.6476476476476476,1,4,piecewise
0.6466466466466466,0,4,piecewise
0.6446446446446447,0,4,piecewise
0.6436436436436437,1,4,piecewise
0.6426426426426426,0,4,piecewise
0.6406406406406406,0,4,piecewise
0.6416416416416416,1,4,piecewise
0.6386386386386387,0,4,piecewise
0.6366366366366366,0,4,piecewise
0.6376376376376376,1,4,piecewise
0.6346346346346347,0,4,piecewise
0.6326326326326326,0,4,piecewise
0.6336336336336337,1,4,piecewise
0.6306306306306306,0,4,piecewise
0.6296296296296297,1,4,piecewise
0.6286286286286287,0,4,piecewise
0.6266266266266266,0,4,piecewise
0.6256256256256256,1,4,piecewise
0.6246246246246246,0,4,piecewise
0.6226226226226226,0,4,piecewise
0.6236236236236237,1,4,piecewise
0.6206206206206206,0,4,piecewise
0.6186186186186187,0,4,piecewise
0.6196196196196196,1,4,piecewise
0.6166166166166166,0,4,piecewise
0.6156156156156156,1,4,piecewise
0.6146146146146146,0,4,piecewise
0.6126126126126126,0,4,piecewise
0.6116116116116116,1,4,piecewise
0.6106106106106106,0,4,piecewise
0.6086086086086087,0,4,piecewise
0.6076076076076076,1,4,piecewise
0.6066066066066066,0,4,piecewise
0.6046046046046046,0,4,piecewise
0.6056056056056056,1,4,piecewise
0.6026026026026026,0,4,piecewise
0.6006006006006006,0,4,piecewise
0.6016016016016016,1,4,piecewise
0.5985985985985985,0,4,piecewise
0.5975975975975976,1,4,piecewise
0.5965965965965966,0,4,piecewise
0.5945945945945946,0,4,piecewise
0.5935935935935935,1,4,piecewise
0.5925925925925926,0,4,piecewise
0.5905905905905906,0,4,piecewise
0.5915915915915916,1,4,piecewise
0.5885885885885885,0,4,piecewise
0.5865865865865866,0,4,piecewise
0.5875875875875876,1,4,piecewise
0.5845845845845846,0,4,piecewise
0.5825825825825826,0,4,piecewise
0.5835835835835835,1,4,piecewise
0.5805805805805806,0,4,piecewise
0.5795795795795796,1,4,piecewise
0.5785785785785785,0,4,piecewise
0.5765765765765766,0,4,piecewise
0.5755755755755756,1,4,piecewise
0.5745745745745746,0,4,piecewise
0.5725725725725725,0,4,piecewise
0.5735735735735735,1,4,piecewise
0.5705705705705706,0,4,piecewise
0.5685685685685685,0,4,piecewise
0.5695695695695696,1,4,piecewise
0.5665665665665666,0,4,piecewise
0.5655655655655656,1,4,piecewise
0.5645645645645646,0,4,piecewise
0.5625625625625625,0,4,piecewise
0.5615615615615616,1,4,piecewise
0.5605605605605606,0,4,piecewise
0.5585585585585585,0,4,piecewise
0.5595595595595596,1,4,piecewise
0.5565565565565566,0,4,piecewise
0.5545545545545546,0,4,piecewise
0.5555555555555556,1,4,piecewise
0.5525525525525525,0,4,piecewise
0.5505505505505506,0,4,piecewise
0.5515515515515516,1,4,piecewise
0.5485485485485485,0,4,piecewise
0.5475475475475475,1,4,piecewise
0.5465465465465466,0,4,piecewise
0.5445445445445445,0,4,piecewise
0.5435435435435435,1,4,piecewise
0.5425425425425425,0,4,piecewise
0.5405405405405406,0,4,piecewise
0.5415415415415415,1,4,piecewise
0.5385385385385385,0,4,piecewise
0.5365365365365365,0,4,piecewise
0.5375375375375375,1,4,piecewise
0.5345345345345345,0,4,piecewise
0.5335335335335335,1,4,piecewise
0.5325325325325325,0,4,piecewise
0.5305305305305306,0,4,piecewise
0.5295295295295295,1,4,piecewise
0.5285285285285285,0,4,piecewise
0.5265265265265265,0,4,piecewise
0.5255255255255256,1,4,piecewise
0.5245245245245245,0,4,piecewise
0.5225225225225225,0,4,piecewise
0.5235235235235235,1,4,piecewise
0.5205205205205206,0,4,piecewise
0.5185185185185185,0,4,piecewise
0.5195195195195195,1,4,piecewise
0.5165165165165165,0,4,piecewise
0.5155155155155156,1,4,piecewise
0.5145145145145145,0,4,piecewise
0.5125125125125125,0,4,piecewise
0.5115115115115115,1,4,piecewise
0.5105105105105106,0,4,piecewise
0.5085085085085085,0,4,piecewise
0.5095095095095095,1,4,piecewise
0.5065065065065065,0,4,piecewise
0.5045045045045045,0,4,piecewise
0.5055055055055055,1,4,piecewise
0.5025025025025025,0,4,piecewise
0.5005005005005005,0,4,piecewise
0.5015015015015015,1,4,piecewise
0.4984984984984985,0,4,piecewise
0.4974974974974975,1,4,piecewise
0.4964964964964965,0,4,piecewise
0.4944944944944945,0,4,piecewise
0.4934934934934935,1,4,piecewise
0.4924924924924925,0,4,piecewise
0.4904904904904905,0,4,piecewise
0.49149149149149146,1,4,piecewise
0.48848848848848847,0,4,piecewise
0.48648648648648646,0,4,piecewise
0.4874874874874875,1,4,piecewise
0.4844844844844845,0,4,piecewise
0.48348348348348347,1,4,piecewise
0.4824824824824825,0,4,piecewise
0.4804804804804805,0,4,piecewise
0.4794794794794795,1,4,piecewise
0.47847847847847846,0,4,piecewise
0.47647647647647645,0,4,piecewise
0.4774774774774775,1,4,piecewise
0.4744744744744745,0,4,piecewise
0.4724724724724725,0,4,piecewise
0.47347347347347346,1,4,piecewise
0.47047047047047047,0,4,piecewise
0.46846846846846846,0,4,piecewise
0.4694694694694695,1,4,piecewise
0.46646646646646645,0,4,piecewise
0.46546546546546547,1,4,piecewise
0.46446446446446443,0,4,piecewise
0.4624624624624625,0,4,piecewise
0.46146146146146144,1,4,piecewise
0.46046046046046046,0,4,piecewise
0.45845845845845845,0,4,piecewise
0.45945945945945943,1,4,piecewise
0.45645645645645644,0,4,piecewise
0.4544544544544544,0,4,piecewise
0.45545545545545546,1,4,piecewise
0.45245245245245247,0,4,piecewise
0.45145145145145144,1,4,piecewise
0.45045045045045046,0,4,piecewise
0.44844844844844844,0,4,piecewise
0.44744744744744747,1,4,piecewise
0.44644644644644643,0,4,piecewise
0.4444444444444444,0,4,piecewise
0.44344344344344344,1,4,piecewise
0.44244244244244246,0,4,piecewise
0.44044044044044045,0,4,piecewise
0.44144144144144143,1,4,piecewise
0.43843843843843844,0,4,piecewise
0.4364364364364364,0,4,piecewise
0.43743743743743746,1,4,piecewise
0.4344344344344344,0,4,piecewise
0.43343343343343343,1,4,piecewise
0.43243243243243246,0,4,piecewise
0.43043043043043044,0,4,piecewise
0.4294294294294294,1,4,piecewise
0.42842842842842843,0,4,piecewise
0.4264264264264264,0,4,piecewise
0.4274274274274274,1,4,piecewise
0.4244244244244244,0,4,piecewise
0.4224224224224224,0,4,piecewise
0.42342342342342343,1,4,piecewise
0.42042042042042044,0,4,piecewise
0.4184184184184184,0,4,piecewise
0.4194194194194194,1,4,piecewise
0.4164164164164164,0,4,piecewise
0.41541541541541543,1,4,piecewise
0.4144144144144144,0,4,piecewise
0.4124124124124124,0,4,piecewise
0.4114114114114114,1,4,piecewise
0.41041041041041043,0,4,piecewise
0.4084084084084084,0,4,piecewise
0.4094094094094094,1,4,piecewise
0.4064064064064064,0,4,piecewise
0.4044044044044044,0,4,piecewise
0.40540540540540543,1,4,piecewise
0.4024024024024024,0,4,piecewise
0.4014014014014014,1,4,piecewise
0.40040040040040037,0,4,piecewise
0.3983983983983984,0,4,piecewise
0.3973973973973974,1,4,piecewise
0.3963963963963964,0,4,piecewise
0.3943943943943944,0,4,piecewise
0.39539539539539537,1,4,piecewise
0.3923923923923924,0,4,piecewise
0.39039039039039036,0,4,piecewise
0.3913913913913914,1,4,piecewise
0.3883883883883884,0,4,piecewise
0.3863863863863864,0,4,piecewise
0.38738738738738737,1,4,piecewise
0.3843843843843844,0,4,piecewise
0.3833833833833834,1,4,piecewise
0.38238238238238237,0,4,piecewise
0.38038038038038036,0,4,piecewise
0.3793793793793794,1,4,piecewise
0.3783783783783784,0,4,piecewise
0.3763763763763764,0,4,piecewise
0.37737737737737737,1,4,piecewise
0.3743743743743744,0,4,piecewise
0.37237237237237236,0,4,piecewise
0.3733733733733734,1,4,piecewise
0.37037037037037035,0,4,piecewise
0.36936936936936937,1,4,piecewise
0.3683683683683684,0,4,piecewise
0.3663663663663664,0,4,piecewise
0.36536536536536535,1,4,piecewise
0.36436436436436437,0,4,piecewise
0.36236236236236236,0,4,piecewise
0.3613613613613614,1,4,piecewise
0.36036036036036034,0,4,piecewise
0.35835835835835833,0,4,piecewise
0.35935935935935936,1,4,piecewise
0.3563563563563564,0,4,piecewise
0.35435435435435436,0,4,piecewise
0.35535535535535534,1,4,piecewise
0.35235235235235235,0,4,piecewise
0.35135135135135137,1,4,piecewise
0.35035035035035034,0,4,piecewise
0.3483483483483483,0,4,piecewise
0.34734734734734735,1,4,piecewise
0.34634634634634637,0,4,piecewise
0.34434434434434436,0,4,piecewise
0.34534534534534533,1,4,piecewise
0.34234234234234234,0,4,piecewise
0.34034034034034033,0,4,piecewise
0.34134134134134136,1,4,piecewise
0.3383383383383383,0,4,piecewise
0.3363363363363363,0,4,piecewise
0.33733733733733734,1,4,piecewise
0.33433433433433435,0,4,piecewise
0.3333333333333333,1,4,piecewise
0.33233233233233234,0,4,piecewise
0.3303303303303303,0,4,piecewise
0.32932932932932935,1,4,piecewise
0.3283283283283283,0,4,piecewise
0.3263263263263263,0,4,piecewise
0.32732732732732733,1,4,piecewise
0.32432432432432434,0,4,piecewise
0.32232232232232233,0,4,piecewise
0.3233233233233233,1,4,piecewise
0.3203203203203203,0,4,piecewise
0.31931931931931934,1,4,piecewise
0.3183183183183183,0,4,piecewise
0.3163163163163163,0,4,piecewise
0.3153153153153153,1,4,piecewise
0.31431431431431434,0,4,piecewise
0.3123123123123123,0,4,piecewise
0.3113113113113113,1,4,piecewise
0.3103103103103103,0,4,piecewise
0.3083083083083083,0,4,piecewise
0.30930930930930933,1,4,piecewise
0.3063063063063063,0,4,piecewise
0.30430430430430433,0,4,piecewise
0.3053053053053053,1,4,piecewise
0.3023023023023023,0,4,piecewise
0.3013013013013013,1,4,piecewise
0.3003003003003003,0,4,piecewise
0.2982982982982983,0,4,piecewise
0.2972972972972973,1,4,piecewise
0.2962962962962963,0,4,piecewise
0.29429429429429427,0,4,piecewise
0.2952952952952953,1,4,piecewise
0.2922922922922923,0,4,piecewise
0.2902902902902903,0,4,piecewise
0.2912912912912913,1,4,piecewise
0.2882882882882883,0,4,piecewise
0.2872872872872873,1,4,piecewise
0.2862862862862863,0,4,piecewise
0.28428428428428426,0,4,piecewise
0.2832832832832833,1,4,piecewise
0.2822822822822823,0,4,piecewise
0.2802802802802803,0,4,piecewise
0.27927927927927926,1,4,piecewise
0.2782782782782783,0,4,piecewise
0.27627627627627627,0,4,piecewise
0.2772772772772773,1,4,piecewise
0.27427427427427425,0,4,piecewise
0.27227227227227224,0,4,piecewise
0.2732732732732733,1,4,piecewise
0.2702702702702703,0,4,piecewise
0.26926926926926925,1,4,piecewise
0.2682682682682683,0,4,piecewise
0.26626626626626626,0,4,piecewise
0.2652652652652653,1,4,piecewise
0.26426426426426425,0,4,piecewise
0.26226226226226224,0,4,piecewise
0.26326326326326327,1,4,piecewise
0.2602602602602603,0,4,piecewise
0.25825825825825827,0,4,piecewise
0.25925925925925924,1,4,piecewise
0.25625625625625625,0,4,piecewise
0.25425425425425424,0,4,piecewise
0.2552552552552553,1,4,piecewise
0.25225225225225223,0,4,piecewise
0.25125125125125125,1,4,piecewise
0.2502502502502503,0,4,piecewise
0.24824824824824826,0,4,piecewise
0.24724724724724725,1,4,piecewise
0.24624624624624625,0,4,piecewise
0.24424424424424424,0,4,piecewise
0.24524524524524524,1,4,piecewise
0.24224224224224225,0,4,piecewise
0.24024024024024024,0,4,piecewise
0.24124124124124124,1,4,piecewise
0.23823823823823823,0,4,piecewise
0.23723723723723725,1,4,piecewise
0.23623623623623624,0,4,piecewise
0.23423423423423423,0,4,piecewise
0.23323323323323322,1,4,piecewise
0.23223223223223222,0,4,piecewise
0.23023023023023023,0,4,piecewise
0.22922922922922923,1,4,piecewise
0.22822822822822822,0,4,piecewise
0.22622622622622623,0,4,piecewise
0.2272272272272272,1,4,piecewise
0.22422422422422422,0,4,piecewise
0.2222222222222222,0,4,piecewise
0.22322322322322322,1,4,piecewise
0.22022022022022023,0,4,piecewise
0.21921921921921922,1,4,piecewise
0.2182182182182182,0,4,piecewise
0.21621621621621623,0,4,piecewise
0.21521521521521522,1,4,piecewise
0.21421421421421422,0,4,piecewise
0.2122122122122122,0,4,piecewise
0.2132132132132132,1,4,piecewise
0.21021021021021022,0,4,piecewise
0.2082082082082082,0,4,piecewise
0.2092092092092092,1,4,piecewise
0.2062062062062062,0,4,piecewise
0.20520520520520522,1,4,piecewise
0.2042042042042042,0,4,piecewise
0.2022022022022022,0,4,piecewise
0.2012012012012012,1,4,piecewise
0.20020020020020018,0,4,piecewise
0.1981981981981982,0,4,piecewise
0.1971971971971972,1,4,piecewise
0.1961961961961962,0,4,piecewise
0.1941941941941942,0,4,piecewise
0.19519519519519518,1,4,piecewise
0.1921921921921922,0,4,piecewise
0.19019019019019018,0,4,piecewise
0.19119119119119118,1,4,piecewise
0.1881881881881882,0,4,piecewise
0.1871871871871872,1,4,piecewise
0.18618618618618618,0,4,piecewise
0.1841841841841842,0,4,piecewise
0.1831831831831832,1,4,piecewise
0.18218218218218218,0,4,piecewise
0.18018018018018017,0,4,piecewise
0.18118118118118118,1,4,piecewise
0.1781781781781782,0,4,piecewise
0.17617617617617617,0,4,piecewise
0.17717717717717718,1,4,piecewise
0.17417417417417416,0,4,piecewise
0.17217217217217218,0,4,piecewise
0.17317317317317318,1,4,piecewise
0.17017017017017017,0,4,piecewise
0.16916916916916916,1,4,piecewise
0.16816816816816815,0,4,piecewise
0.16616616616616617,0,4,piecewise
0.16516516516516516,1,4,piecewise
0.16416416416416416,0,4,piecewise
0.16216216216216217,0,4,piecewise
0.16316316316316315,1,4,piecewise
0.16016016016016016,0,4,piecewise
0.15815815815815815,0,4,piecewise
0.15915915915915915,1,4,piecewise
0.15615615615615616,0,4,piecewise
0.15515515515515516,1,4,piecewise
0.15415415415415415,0,4,piecewise
0.15215215215215216,0,4,piecewise
0.15115115115115116,1,4,piecewise
0.15015015015015015,0,4,piecewise
0.14814814814814814,0,4,piecewise
0.14714714714714713,1,4,piecewise
0.14614614614614616,0,4,piecewise
0.14414414414414414,0,4,piecewise
0.14514514514514515,1,4,piecewise
0.14214214214214213,0,4,piecewise
0.14014014014014015,0,4,piecewise
0.14114114114114115,1,4,piecewise
0.13813813813813813,0,4,piecewise
0.13713713713713713,1,4,piecewise
0.13613613613613612,0,4,piecewise
0.13413413413413414,0,4,piecewise
0.13313313313313313,1,4,piecewise
0.13213213213213212,0,4,piecewise
0.13013013013013014,0,4,piecewise
0.13113113113113112,1,4,piecewise
0.12812812812812813,0,4,piecewise
0.12612612612612611,0,4,piecewise
0.12712712712712712,1,4,piecewise
0.12412412412412413,0,4,piecewise
0.12312312312312312,1,4,piecewise
0.12212212212212212,0,4,piecewise
0.12012012012012012,0,4,piecewise
0.11911911911911911,1,4,piecewise
0.11811811811811812,0,4,piecewise
0.11611611611611611,0,4,piecewise
0.11511511511511512,1,4,piecewise
0.11411411411411411,0,4,piecewise
0.11211211211211211,0,4,piecewise
0.11311311311311312,1,4,piecewise
0.11011011011011011,0,4,piecewise
0.10810810810810811,0,4,piecewise
0.1091091091091091,1,4,piecewise
0.1061061061061061,0,4,piecewise
0.10510510510510511,1,4,piecewise
0.1041041041041041,0,4,piecewise
0.1021021021021021,0,4,piecewise
0.1011011011011011,1,4,piecewise
0.10010010010010009,0,4,piecewise
0.0980980980980981,0,4,piecewise
0.0990990990990991,1,4,piecewise
0.0960960960960961,0,4,piecewise
0.0940940940940941,0,4,piecewise
0.09509509509509509,1,4,piecewise
0.0920920920920921,0,4,piecewise
0.09009009009009009,0,4,piecewise
0.09109109109109109,1,4,piecewise
0.08808808808808809,0,4,piecewise
0.08708708708708708,1,4,piecewise
0.08608608608608609,0,4,piecewise
0.08408408408408408,0,4,piecewise
0.08308308308308308,1,4,piecewise
0.08208208208208208,0,4,piecewise
0.08008008008008008,0,4,piecewise
0.08108108108108109,1,4,piecewise
0.07807807807807808,0,4,piecewise
0.07607607607607608,0,4,piecewise
0.07707707707707707,1,4,piecewise
0.07407407407407407,0,4,piecewise
0.07307307307307308,1,4,piecewise
0.07207207207207207,0,4,piecewise
0.07007007007007007,0,4,piecewise
0.06906906906906907,1,4,piecewise
0.06806806806806806,0,4,piecewise
0.06606606606606606,0,4,piecewise
0.06506506506506507,1,4,piecewise
0.06406406406406406,0,4,piecewise
0.062062062062062065,0,4,piecewise
0.06306306306306306,1,4,piecewise
0.06006006006006006,0,4,piecewise
0.058058058058058054,0,4,piecewise
0.05905905905905906,1,4,piecewise
0.056056056056056056,0,4,piecewise
0.055055055055055056,1,4,piecewise
0.05405405405405406,0,4,piecewise
0.05205205205205205,0,4,piecewise
0.05105105105105105,1,4,piecewise
0.050050050050050046,0,4,piecewise
0.04804804804804805,0,4,piecewise
0.04904904904904905,1,4,piecewise
0.04604604604604605,0,4,piecewise
0.044044044044044044,0,4,piecewise
0.04504504504504504,1,4,piecewise
0.04204204204204204,0,4,piecewise
0.04104104104104104,1,4,piecewise
0.04004004004004004,0,4,piecewise
0.03803803803803804,0,4,piecewise
0.037037037037037035,1,4,piecewise
0.036036036036036036,0,4,piecewise
0.03403403403403403,0,4,piecewise
0.03303303303303303,1,4,piecewise
0.03203203203203203,0,4,piecewise
0.03003003003003003,0,4,piecewise
0.031031031031031032,1,4,piecewise
0.028028028028028028,0,4,piecewise
0.026026026026026026,0,4,piecewise
0.02702702702702703,1,4,piecewise
0.024024024024024024,0,4,piecewise
0.023023023023023025,1,4,piecewise
0.022022022022022022,0,4,piecewise
0.02002002002002002,0,4,piecewise
0.01901901901901902,1,4,piecewise
0.018018018018018018,0,4,piecewise
0.016016016016016016,0,4,piecewise
0.017017017017017015,1,4,piecewise
0.014014014014014014,0,4,piecewise
0.012012012012012012,0,4,piecewise
0.013013013013013013,1,4,piecewise
0.01001001001001001,0,4,piecewise
0.008008008008008008,0,4,piecewise
0.009009009009009009,1,4,piecewise
0.006006006006006006,0,4,piecewise
0.005005005005005005,1,4,piecewise
0.004004004004004004,0,4,piecewise
0.002002002002002002,0,4,piecewise
0.001001001001001001,1,4,piecewise
0.0,0,4,piecewise
0.998998998998999,0,5,piecewise
1.0,1,5,piecewise
0.997997997997998,1,5,piecewise
0.996996996996997,0,5,piecewise
0.997997997997998,1,5,piecewise
0.995995995995996,1,5,piecewise
0.994994994994995,0,5,piecewise
0.993993993993994,1,5,piecewise
0.992992992992993,0,5,piecewise
0.993993993993994,1,5,piecewise
0.991991991991992,1,5,piecewise
0.990990990990991,0,5,piecewise
0.991991991991992,1,5,piecewise
0.98998998998999,1,5,piecewise
0.988988988988989,0,5,piecewise
0.98998998998999,1,5,piecewise
0.9879879879879879,1,5,piecewise
0.986986986986987,0,5,piecewise
0.985985985985986,1,5,piecewise
0.984984984984985,0,5,piecewise
0.985985985985986,1,5,piecewise
0.983983983983984,1,5,piecewise
0.9829829829829829,0,5,piecewise
0.983983983983984,1,5,piecewise
0.9819819819819819,1,5,piecewise
0.980980980980981,0,5,piecewise
0.9819819819819819,1,5,piecewise
0.97997997997998,1,5,piecewise
0.978978978978979,0,5,piecewise
0.97997997997998,1,5,piecewise
0.9769769769769769,0,5,piecewise
0.9779779779779779,1,5,piecewise
0.975975975975976,1,5,piecewise
0.974974974974975,0,5,piecewise
0.975975975975976,1,5,piecewise
0.973973973973974,1,5,piecewise
0.9729729729729729,0,5,piecewise
0.973973973973974,1,5,piecewise
0.9719719719719719,1,5,piecewise
0.970970970970971,0,5,piecewise
0.9719719719719719,1,5,piecewise
0.96996996996997,1,5,piecewise
0.968968968968969,0,5,piecewise
0.9679679679679679,1,5,piecewise
0.9669669669669669,0,5,piecewise
0.9679679679679679,1,5,piecewise
0.965965965965966,1,5,piecewise
0.964964964964965,0,5,piecewise
0.965965965965966,1,5,piecewise
0.963963963963964,1,5,piecewise
0.9629629629629629,0,5,piecewise
0.963963963963964,1,5,piecewise
0.9619619619619619,1,5,piecewise
0.960960960960961,0,5,piecewise
0.95995995995996,1,5,piecewise
0.958958958958959,0,5,piecewise
0.95995995995996,1,5,piecewise
0.9579579579579579,1,5,piecewise
0.9569569569569569,0,5,piecewise
0.9579579579579579,1,5,piecewise
0.955955955955956,1,5,piecewise
0.954954954954955,0,5,piecewise
0.955955955955956,1,5,piecewise
0.953953953953954,1,5,piecewise
0.9529529529529529,0,5,piecewise
0.953953953953954,1,5,piecewise
0.950950950950951,0,5,piecewise
0.9519519519519519,1,5,piecewise
0.94994994994995,1,5,piecewise
0.948948948948949,0,5,piecewise
0.94994994994995,1,5,piecewise
0.9479479479479479,1,5,piecewise
0.9469469469469469,0,5,piecewise
0.9479479479479479,1,5,piecewise
0.9459459459459459,1,5,piecewise
0.944944944944945,0,5,piecewise
0.9459459459459459,1,5,piecewise
0.943943943943944,1,5,piecewise
0.9429429429429429,0,5,piecewise
0.9419419419419419,1,5,piecewise
0.9409409409409409,0,5,piecewise
0.9419419419419419,1,5,piecewise
0.93993993993994,1,5,piecewise
0.938938938938939,0,5,piecewise
0.93993993993994,1,5,piecewise
0.9379379379379379,1,5,piecewise
0.9369369369369369,0,5,piecewise
0.9379379379379379,1,5,piecewise
0.9359359359359359,1,5,piecewise
0.934934934934935,0,5,piecewise
0.933933933933934,1,5,piecewise
0.9329329329329329,0,5,piecewise
0.933933933933934,1,5,piecewise
0.9319319319319319,1,5,piecewise
0.9309309309309309,0,5,piecewise
0.9319319319319319,1,5,piecewise
0.92992992992993,1,5,piecewise
0.9289289289289289,0,5,piecewise
0.92992992992993,1,5,piecewise
0.9279279279279279,1,5,piecewise
0.9269269269269269,0,5,piecewise
0.9279279279279279,1,5,piecewise
0.924924924924925,0,5,piecewise
0.9259259259259259,1,5,piecewise
0.9239239239239239,1,5,piecewise
0.9229229229229229,0,5,piecewise
0.9239239239239239,1,5,piecewise
0.9219219219219219,1,5,piecewise
0.9209209209209209,0,5,piecewise
0.9219219219219219,1,5,piecewise
0.91991991991992,1,5,piecewise
0.9189189189189189,0,5,piecewise
0.91991991991992,1,5,piecewise
0.9179179179179179,1,5,piecewise
0.9169169169169169,0,5,piecewise
0.9159159159159159,1,5,piecewise
0.914914914914915,0,5,piecewise
0.9159159159159159,1,5,piecewise
0.9139139139139139,1,5,piecewise
0.9129129129129129,0,5,piecewise
0.9139139139139139,1,5,piecewise
0.9119119119119119,1,5,piecewise
0.9109109109109109,0,5,piecewise
0.9119119119119119,1,5,piecewise
0.9099099099099099,1,5,piecewise
0.9089089089089089,0,5,piecewise
0.9079079079079079,1,5,piecewise
0.9069069069069069,0,5,piecewise
0.9079079079079079,1,5,piecewise
0.9059059059059059,1,5,piecewise
0.9049049049049049,0,5,piecewise
0.9059059059059059,1,5,piecewise
0.9039039039039038,1,5,piecewise
0.9029029029029029,0,5,piecewise
0.9039039039039038,1,5,piecewise
0.9019019019019019,1,5,piecewise
0.9009009009009009,0,5,piecewise
0.9019019019019019,1,5,piecewise
0.8988988988988988,0,5,piecewise
0.8998998998998999,1,5,piecewise
0.8978978978978979,1,5,piecewise
0.8968968968968969,0,5,piecewise
0.8978978978978979,1,5,piecewise
0.8958958958958959,1,5,piecewise
0.8948948948948949,0,5,piecewise
0.8958958958958959,1,5,piecewise
0.8938938938938938,1,5,piecewise
0.8928928928928929,0,5,piecewise
0.8938938938938938,1,5,piecewise
0.8918918918918919,1,5,piecewise
0.8908908908908909,0,5,piecewise
0.8898898898898899,1,5,piecewise
0.8888888888888888,0,5,piecewise
0.8898898898898899,1,5,piecewise
0.8878878878878879,1,5,piecewise
0.8868868868868869,0,5,piecewise
0.8878878878878879,1,5,piecewise
0.8858858858858859,1,5,piecewise
0.8848848848848849,0,5,piecewise
0.8858858858858859,1,5,piecewise
0.8838838838838838,1,5,piecewise
0.8828828828828829,0,5,piecewise
0.8818818818818819,1,5,piecewise
0.8808808808808809,0,5,piecewise
0.8818818818818819,1,5,piecewise
0.8798798798798799,1,5,piecewise
0.8788788788788788,0,5,piecewise
0.8798798798798799,1,5,piecewise
0.8778778778778779,1,5,piecewise
0.8768768768768769,0,5,piecewise
0.8778778778778779,1,5,piecewise
0.8758758758758759,1,5,piecewise
0.8748748748748749,0,5,piecewise
0.8758758758758759,1,5,piecewise
0.8728728728728729,0,5,piecewise
0.8738738738738738,1,5,piecewise
0.8718718718718719,1,5,piecewise
0.8708708708708709,0,5,piecewise
0.8718718718718719,1,5,piecewise
0.8698698698698699,1,5,piecewise
0.8688688688688688,0,5,piecewise
0.8698698698698699,1,5,piecewise
0.8678678678678678,1,5,piecewise
0.8668668668668669,0,5,piecewise
0.8678678678678678,1,5,piecewise
0.8658658658658659,1,5,piecewise
0.8648648648648649,0,5,piecewise
0.8638638638638638,1,5,piecewise
0.8628628628628628,0,5,piecewise
0.8638638638638638,1,5,piecewise
0.8618618618618619,1,5,piecewise
0.8608608608608609,0,5,piecewise
0.8618618618618619,1,5,piecewise
0.8598598598598598,1,5,piecewise
0.8588588588588588,0,5,piecewise
0.8598598598598598,1,5,piecewise
0.8578578578578578,1,5,piecewise
0.8568568568568569,0,5,piecewise
0.8558558558558559,1,5,piecewise
0.8548548548548548,0,5,piecewise
0.8558558558558559,1,5,piecewise
0.8538538538538538,1,5,piecewise
0.8528528528528528,0,5,piecewise
0.8538538538538538,1,5,piecewise
0.8518518518518519,1,5,piecewise
0.8508508508508509,0,5,piecewise
0.8518518518518519,1,5,piecewise
0.8498498498498498,1,5,piecewise
0.8488488488488488,0,5,piecewise
0.8498498498498498,1,5,piecewise
0.8468468468468469,0,5,piecewise
0.8478478478478478,1,5,piecewise
0.8458458458458459,1,5,piecewise
0.8448448448448448,0,5,piecewise
0.8458458458458459,1,5,piecewise
0.8438438438438438,1,5,piecewise
0.8428428428428428,0,5,piecewise
0.8438438438438438,1,5,piecewise
0.8418418418418419,1,5,piecewise
0.8408408408408409,0,5,piecewise
0.8418418418418419,1,5,piecewise
0.8388388388388388,0,5,piecewise
0.8398398398398398,1,5,piecewise
0.8378378378378378,1,5,piecewise
0.8368368368368369,0,5,piecewise
0.8378378378378378,1,5,piecewise
0.8358358358358359,1,5,piecewise
0.8348348348348348,0,5,piecewise
0.8358358358358359,1,5,piecewise
0.8338338338338338,1,5,piecewise
0.8328328328328328,0,5,piecewise
0.8338338338338338,1,5,piecewise
0.8318318318318318,1,5,piecewise
0.8308308308308309,0,5,piecewise
0.8298298298298298,1,5,piecewise
0.8288288288288288,0,5,piecewise
0.8298298298298298,1,5,piecewise
0.8278278278278278,1,5,piecewise
0.8268268268268268,0,5,piecewise
0.8278278278278278,1,5,piecewise
0.8258258258258259,1,5,piecewise
0.8248248248248248,0,5,piecewise
0.8258258258258259,1,5,piecewise
0.8238238238238238,1,5,piecewise
0.8228228228228228,0,5,piecewise
0.8238238238238238,1,5,piecewise
0.8208208208208209,0,5,piecewise
0.8218218218218218,1,5,piecewise
0.8198198198198198,1,5,piecewise
0.8188188188188188,0,5,piecewise
0.8198198198198198,1,5,piecewise
0.8178178178178178,1,5,piecewise
0.8168168168168168,0,5,piecewise
0.8178178178178178,1,5,piecewise
0.8158158158158159,1,5,piecewise
0.8148148148148148,0,5,piecewise
0.8158158158158159,1,5,piecewise
0.8128128128128128,0,5,piecewise
0.8138138138138138,1,5,piecewise
0.8118118118118118,1,5,piecewise
0.8108108108108109,0,5,piecewise
0.8118118118118118,1,5,piecewise
0.8098098098098098,1,5,piecewise
0.8088088088088088,0,5,piecewise
0.8098098098098098,1,5,piecewise
0.8078078078078078,1,5,piecewise
0.8068068068068068,0,5,piecewise
0.8078078078078078,1,5,piecewise
0.8058058058058059,1,5,piecewise
0.8048048048048048,0,5,piecewise
0.8038038038038038,1,5,piecewise
0.8028028028028028,0,5,piecewise
0.8038038038038038,1,5,piecewise
0.8018018018018018,1,5,piecewise
0.8008008008008007,0,5,piecewise
0.8018018018018018,1,5,piecewise
0.7997997997997998,1,5,piecewise
0.7987987987987988,0,5,piecewise
0.7997997997997998,1,5,piecewise
0.7977977977977978,1,5,piecewise
0.7967967967967968,0,5,piecewise
0.7977977977977978,1,5,piecewise
0.7947947947947948,0,5,piecewise
0.7957957957957957,1,5,piecewise
0.7937937937937938,1,5,piecewise
0.7927927927927928,0,5,piecewise
0.7937937937937938,1,5,piecewise
0.7917917917917918,1,5,piecewise
0.7907907907907907,0,5,piecewise
0.7917917917917918,1,5,piecewise
0.7897897897897898,1,5,piecewise
0.7887887887887888,0,5,piecewise
0.7897897897897898,1,5,piecewise
0.7867867867867868,0,5,piecewise
0.7877877877877878,1,5,piecewise
0.7857857857857857,1,5,piecewise
0.7847847847847848,0,5,piecewise
0.7857857857857857,1,5,piecewise
0.7837837837837838,1,5,piecewise
0.7827827827827828,0,5,piecewise
0.7837837837837838,1,5,piecewise
0.7817817817817818,1,5,piecewise
0.7807807807807807,0,5,piecewise
0.7817817817817818,1,5,piecewise
0.7797797797797797,1,5,piecewise
0.7787787787787788,0,5,piecewise
0.7777777777777778,1,5,piecewise
0.7767767767767768,0,5,piecewise
0.7777777777777778,1,5,piecewise
0.7757757757757757,1,5,piecewise
0.7747747747747747,0,5,piecewise
0.7757757757757757,1,5,piecewise
0.7737737737737738,1,5,piecewise
0.7727727727727728,0,5,piecewise
0.7737737737737738,1,5,piecewise
0.7717717717717718,1,5,piecewise
0.7707707707707707,0,5,piecewise
0.7717717717717718,1,5,piecewise
0.7687687687687688,0,5,piecewise
0.7697697697697697,1,5,piecewise
0.7677677677677678,1,5,piecewise
0.7667667667667668,0,5,piecewise
0.7677677677677678,1,5,piecewise
0.7657657657657657,1,5,piecewise
0.7647647647647647,0,5,piecewise
0.7657657657657657,1,5,piecewise
0.7637637637637638,1,5,piecewise
0.7627627627627628,0,5,piecewise
0.7637637637637638,1,5,piecewise
0.7607607607607607,0,5,piecewise
0.7617617617617618,1,5,piecewise
0.7597597597597597,1,5,piecewise
0.7587587587587588,0,5,piecewise
0.7597597597597597,1,5,piecewise
0.7577577577577578,1,5,piecewise
0.7567567567567568,0,5,piecewise
0.7577577577577578,1,5,piecewise
0.7557557557557557,1,5,piecewise
0.7547547547547547,0,5,piecewise
0.7557557557557557,1,5,piecewise
0.7537537537537538,1,5,piecewise
0.7527527527527528,0,5,piecewise
0.7517517517517518,1,5,piecewise
0.7507507507507507,0,5,piecewise
0.7517517517517518,1,5,piecewise
0.7497497497497497,1,5,piecewise
0.7487487487487487,0,5,piecewise
0.7497497497497497,1,5,piecewise
0.7477477477477478,1,5,piecewise
0.7467467467467468,0,5,piecewise
0.7477477477477478,1,5,piecewise
0.7457457457457457,1,5,piecewise
0.7447447447447447,0,5,piecewise
0.7457457457457457,1,5,piecewise
0.7427427427427428,0,5,piecewise
0.7437437437437437,1,5,piecewise
0.7417417417417418,1,5,piecewise
0.7407407407407407,0,5,piecewise
0.7417417417417418,1,5,piecewise
0.7397397397397397,1,5,piecewise
0.7387387387387387,0,5,piecewise
0.7397397397397397,1,5,piecewise
0.7377377377377378,1,5,piecewise
0.7367367367367368,0,5,piecewise
0.7377377377377378,1,5,piecewise
0.7347347347347347,0,5,piecewise
0.7357357357357357,1,5,piecewise
0.7337337337337337,1,5,piecewise
0.7327327327327328,0,5,piecewise
0.7337337337337337,1,5,piecewise
0.7317317317317317,1,5,piecewise
0.7307307307307307,0,5,piecewise
0.7317317317317317,1,5,piecewise
0.7297297297297297,1,5,piecewise
0.7287287287287287,0,5,piecewise
0.7297297297297297,1,5,piecewise
0.7277277277277278,1,5,piecewise
0.7267267267267267,0,5,piecewise
0.7257257257257257,1,5,piecewise
0.7247247247247247,0,5,piecewise
0.7257257257257257,1,5,piecewise
0.7237237237237237,1,5,piecewise
0.7227227227227228,0,5,piecewise
0.7237237237237237,1,5,piecewise
0.7217217217217217,1,5,piecewise
0.7207207207207207,0,5,piecewise
0.7217217217217217,1,5,piecewise
0.7197197197197197,1,5,piecewise
0.7187187187187187,0,5,piecewise
0.7197197197197197,1,5,piecewise
0.7167167167167167,0,5,piecewise
0.7177177177177178,1,5,piecewise
0.7157157157157157,1,5,piecewise
0.7147147147147147,0,5,piecewise
0.7157157157157157,1,5,piecewise
0.7137137137137137,1,5,piecewise
0.7127127127127127,0,5,piecewise
0.7137137137137137,1,5,piecewise
0.7117117117117117,1,5,piecewise
0.7107107107107107,0,5,piecewise
0.7117117117117117,1,5,piecewise
0.7087087087087087,0,5,piecewise
0.7097097097097097,1,5,piecewise
0.7077077077077077,1,5,piecewise
0.7067067067067067,0,5,piecewise
0.7077077077077077,1,5,piecewise
0.7057057057057057,1,5,piecewise
0.7047047047047047,0,5,piecewise
0.7057057057057057,1,5,piecewise
0.7037037037037037,1,5,piecewise
0.7027027027027027,0,5,piecewise
0.7037037037037037,1,5,piecewise
0.7017017017017017,1,5,piecewise
0.7007007007007007,0,5,piecewise
0.6996996996996997,1,5,piecewise
0.6986986986986987,0,5,piecewise
0.6996996996996997,1,5,piecewise
0.6976976976976977,1,5,piecewise
0.6966966966966966,0,5,piecewise
0.6976976976976977,1,5,piecewise
0.6956956956956957,1,5,piecewise
0.6946946946946947,0,5,piecewise
0.6956956956956957,1,5,piecewise
0.6936936936936937,1,5,piecewise
0.6926926926926927,0,5,piecewise
0.6916916916916916,1,5,piecewise
0.6906906906906907,0,5,piecewise
0.6916916916916916,1,5,piecewise
0.6896896896896897,1,5,piecewise
0.6886886886886887,0,5,piecewise
0.6896896896896897,1,5,piecewise
0.6876876876876877,1,5,piecewise
0.6866866866866866,0,5,piecewise
0.6876876876876877,1,5,piecewise
0.6856856856856857,1,5,piecewise
0.6846846846846847,0,5,piecewise
0.6856856856856857,1,5,piecewise
0.6826826826826827,0,5,piecewise
0.6836836836836837,1,5,piecewise
0.6816816816816816,1,5,piecewise
0.6806806806806807,0,5,piecewise
0.6816816816816816,1,5,piecewise
0.6796796796796797,1,5,piecewise
0.6786786786786787,0,5,piecewise
0.6796796796796797,1,5,piecewise
0.6776776776776777,1,5,piecewise
0.6766766766766766,0,5,piecewise
0.6776776776776777,1,5,piecewise
0.6756756756756757,1,5,piecewise
0.6746746746746747,0,5,piecewise
0.6736736736736737,1,5,piecewise
0.6726726726726726,0,5,piecewise
0.6736736736736737,1,5,piecewise
0.6716716716716716,1,5,piecewise
0.6706706706706707,0,5,piecewise
0.6716716716716716,1,5,piecewise
0.6696696696696697,1,5,piecewise
0.6686686686686687,0,5,piecewise
0.6696696696696697,1,5,piecewise
0.6676676676676676,1,5,piecewise
0.6666666666666666,0,5,piecewise
0.6656656656656657,1,5,piecewise
0.6646646646646647,0,5,piecewise
0.6656656656656657,1,5,piecewise
0.6636636636636637,1,5,piecewise
0.6626626626626626,0,5,piecewise
0.6636636636636637,1,5,piecewise
0.6616616616616616,1,5,piecewise
0.6606606606606606,0,5,piecewise
0.6616616616616616,1,5,piecewise
0.6596596596596597,1,5,piecewise
0.6586586586586587,0,5,piecewise
0.6596596596596597,1,5,piecewise
0.6566566566566566,0,5,piecewise
0.6576576576576576,1,5,piecewise
0.6556556556556556,1,5,piecewise
0.6546546546546547,0,5,piecewise
0.6556556556556556,1,5,piecewise
0.6536536536536537,1,5,piecewise
0.6526526526526526,0,5,piecewise
0.6536536536536537,1,5,piecewise
0.6516516516516516,1,5,piecewise
0.6506506506506506,0,5,piecewise
0.6516516516516516,1,5,piecewise
0.6496496496496497,1,5,piecewise
0.6486486486486487,0,5,piecewise
0.6476476476476476,1,5,piecewise
0.6466466466466466,0,5,piecewise
0.6476476476476476,1,5,piecewise
0.6456456456456456,1,5,piecewise
0.6446446446446447,0,5,piecewise
0.6456456456456456,1,5,piecewise
0.6436436436436437,1,5,piecewise
0.6426426426426426,0,5,piecewise
0.6436436436436437,1,5,piecewise
0.6416416416416416,1,5,piecewise
0.6406406406406406,0,5,piecewise
0.6396396396396397,1,5,piecewise
0.6386386386386387,0,5,piecewise
0.6396396396396397,1,5,piecewise
0.6376376376376376,1,5,piecewise
0.6366366366366366,0,5,piecewise
0.6376376376376376,1,5,piecewise
0.6356356356356356,1,5,piecewise
0.6346346346346347,0,5,piecewise
0.6356356356356356,1,5,piecewise
0.6336336336336337,1,5,piecewise
0.6326326326326326,0,5,piecewise
0.6336336336336337,1,5,piecewise
0.6306306306306306,0,5,piecewise
0.6316316316316316,1,5,piecewise
0.6296296296296297,1,5,piecewise
0.6286286286286287,0,5,piecewise
0.6296296296296297,1,5,piecewise
0.6276276276276276,1,5,piecewise
0.6266266266266266,0,5,piecewise
0.6276276276276276,1,5,piecewise
0.6256256256256256,1,5,piecewise
0.6246246246246246,0,5,piecewise
0.6256256256256256,1,5,piecewise
0.6236236236236237,1,5,piecewise
0.6226226226226226,0,5,piecewise
0.6216216216216216,1,5,piecewise
0.6206206206206206,0,5,piecewise
0.6216216216216216,1,5,piecewise
0.6196196196196196,1,5,piecewise
0.6186186186186187,0,5,piecewise
0.6196196196196196,1,5,piecewise
0.6176176176176176,1,5,piecewise
0.6166166166166166,0,5,piecewise
0.6176176176176176,1,5,piecewise
0.6156156156156156,1,5,piecewise
0.6146146146146146,0,5,piecewise
0.6136136136136137,1,5,piecewise
0.6126126126126126,0,5,piecewise
0.6136136136136137,1,5,piecewise
0.6116116116116116,1,5,piecewise
0.6106106106106106,0,5,piecewise
0.6116116116116116,1,5,piecewise
0.6096096096096096,1,5,piecewise
0.6086086086086087,0,5,piecewise
0.6096096096096096,1,5,piecewise
0.6076076076076076,1,5,piecewise
0.6066066066066066,0,5,piecewise
0.6076076076076076,1,5,piecewise
0.6046046046046046,0,5,piecewise
0.6056056056056056,1,5,piecewise
0.6036036036036035,1,5,piecewise
0.6026026026026026,0,5,piecewise
0.6036036036036035,1,5,piecewise
0.6016016016016016,1,5,piecewise
0.6006006006006006,0,5,piecewise
0.6016016016016016,1,5,piecewise
0.5995995995995996,1,5,piecewise
0.5985985985985985,0,5,piecewise
0.5995995995995996,1,5,piecewise
0.5975975975975976,1,5,piecewise
0.5965965965965966,0,5,piecewise
0.5955955955955956,1,5,piecewise
0.5945945945945946,0,5,piecewise
0.5955955955955956,1,5,piecewise
0.5935935935935935,1,5,piecewise
0.5925925925925926,0,5,piecewise
0.5935935935935935,1,5,piecewise
0.5915915915915916,1,5,piecewise
0.5905905905905906,0,5,piecewise
0.5915915915915916,1,5,piecewise
0.5895895895895896,1,5,piecewise
0.5885885885885885,0,5,piecewise
0.5875875875875876,1,5,piecewise
0.5865865865865866,0,5,piecewise
0.5875875875875876,1,5,piecewise
0.5855855855855856,1,5,piecewise
0.5845845845845846,0,5,piecewise
0.5855855855855856,1,5,piecewise
0.5835835835835835,1,5,piecewise
0.5825825825825826,0,5,piecewise
0.5835835835835835,1,5,piecewise
0.5815815815815816,1,5,piecewise
0.5805805805805806,0,5,piecewise
0.5815815815815816,1,5,piecewise
0.5785785785785785,0,5,piecewise
0.5795795795795796,1,5,piecewise
0.5775775775775776,1,5,piecewise
0.5765765765765766,0,5,piecewise
0.5775775775775776,1,5,piecewise
0.5755755755755756,1,5,piecewise
0.5745745745745746,0,5,piecewise
0.5755755755755756,1,5,piecewise
0.5735735735735735,1,5,piecewise
0.5725725725725725,0,5,piecewise
0.5735735735735735,1,5,piecewise
0.5705705705705706,0,5,piecewise
0.5715715715715716,1,5,piecewise
0.5695695695695696,1,5,piecewise
0.5685685685685685,0,5,piecewise
0.5695695695695696,1,5,piecewise
0.5675675675675675,1,5,piecewise
0.5665665665665666,0,5,piecewise
0.5675675675675675,1,5,piecewise
0.5655655655655656,1,5,piecewise
0.5645645645645646,0,5,piecewise
0.5655655655655656,1,5,piecewise
0.5635635635635635,1,5,piecewise
0.5625625625625625,0,5,piecewise
0.5615615615615616,1,5,piecewise
0.5605605605605606,0,5,piecewise
0.5615615615615616,1,5,piecewise
0.5595595595595596,1,5,piecewise
0.5585585585585585,0,5,piecewise
0.5595595595595596,1,5,piecewise
0.5575575575575575,1,5,piecewise
0.5565565565565566,0,5,piecewise
0.5575575575575575,1,5,piecewise
0.5545545545545546,0,5,piecewise
0.5525525525525525,0,5,piecewise
0.5515515515515516,1,5,piecewise
0.5505505505505506,0,5,piecewise
0.5485485485485485,0,5,piecewise
0.5465465465465466,0,5,piecewise
0.5475475475475475,1,5,piecewise
0.5445445445445445,0,5,piecewise
0.5425425425425425,0,5,piecewise
0.5415415415415415,1,5,piecewise
0.5405405405405406,0,5,piecewise
0.5385385385385385,0,5,piecewise
0.5365365365365365,0,5,piecewise
0.5375375375375375,1,5,piecewise
0.5345345345345345,0,5,piecewise
0.5325325325325325,0,5,piecewise
0.5315315315315315,1,5,piecewise
0.5305305305305306,0,5,piecewise
0.5285285285285285,0,5,piecewise
0.5265265265265265,0,5,piecewise
0.5275275275275275,1,5,piecewise
0.5245245245245245,0,5,piecewise
0.5225225225225225,0,5,piecewise
0.5215215215215215,1,5,piecewise
0.5205205205205206,0,5,piecewise
0.5185185185185185,0,5,piecewise
0.5165165165165165,0,5,piecewise
0.5155155155155156,1,5,piecewise
0.5145145145145145,0,5,piecewise
0.5125125125125125,0,5,piecewise
0.5105105105105106,0,5,piecewise
0.5115115115115115,1,5,piecewise
0.5085085085085085,0,5,piecewise
0.5065065065065065,0,5,piecewise
0.5055055055055055,1,5,piecewise
0.5045045045045045,0,5,piecewise
0.5025025025025025,0,5,piecewise
0.5005005005005005,0,5,piecewise
0.5015015015015015,1,5,piecewise
0.4984984984984985,0,5,piecewise
0.4964964964964965,0,5,piecewise
0.4954954954954955,1,5,piecewise
0.4944944944944945,0,5,piecewise
0.4924924924924925,0,5,piecewise
0.4904904904904905,0,5,piecewise
0.49149149149149146,1,5,piecewise
0.48848848848848847,0,5,piecewise
0.48648648648648646,0,5,piecewise
0.4854854854854855,1,5,piecewise
0.4844844844844845,0,5,piecewise
0.4824824824824825,0,5,piecewise
0.4804804804804805,0,5,piecewise
0.4794794794794795,1,5,piecewise
0.47847847847847846,0,5,piecewise
0.47647647647647645,0,5,piecewise
0.4744744744744745,0,5,piecewise
0.4754754754754755,1,5,piecewise
0.4724724724724725,0,5,piecewise
0.47047047047047047,0,5,piecewise
0.4694694694694695,1,5,piecewise
0.46846846846846846,0,5,piecewise
0.46646646646646645,0,5,piecewise
0.46446446446446443,0,5,piecewise
0.46546546546546547,1,5,piecewise
0.4624624624624625,0,5,piecewise
0.46046046046046046,0,5,piecewise
0.45945945945945943,1,5,piecewise
0.45845845845845845,0,5,piecewise
0.45645645645645644,0,5,piecewise
0.4544544544544544,0,5,piecewise
0.45545545545545546,1,5,piecewise
0.45245245245245247,0,5,piecewise
0.45045045045045046,0,5,piecewise
0.4494494494494494,1,5,piecewise
0.44844844844844844,0,5,piecewise
0.44644644644644643,0,5,piecewise
0.4444444444444444,0,5,piecewise
0.44544544544544545,1,5,piecewise
0.44244244244244246,0,5,piecewise
0.44044044044044045,0,5,piecewise
0.43843843843843844,0,5,piecewise
0.4394394394394394,1,5,piecewise
0.4364364364364364,0,5,piecewise
0.4344344344344344,0,5,piecewise
0.43343343343343343,1,5,piecewise
0.43243243243243246,0,5,piecewise
0.43043043043043044,0,5,piecewise
0.42842842842842843,0,5,piecewise
0.4294294294294294,1,5,piecewise
0.4264264264264264,0,5,piecewise
0.4244244244244244,0,5,piecewise
0.42342342342342343,1,5,piecewise
0.4224224224224224,0,5,piecewise
0.42042042042042044,0,5,piecewise
0.4184184184184184,0,5,piecewise
0.4194194194194194,1,5,piecewise
0.4164164164164164,0,5,piecewise
0.4144144144144144,0,5,piecewise
0.4134134134134134,1,5,piecewise
0.4124124124124124,0,5,piecewise
0.41041041041041043,0,5,piecewise
0.4084084084084084,0,5,piecewise
0.4094094094094094,1,5,piecewise
0.4064064064064064,0,5,piecewise
0.4044044044044044,0,5,piecewise
0.4024024024024024,0,5,piecewise
0.4034034034034034,1,5,piecewise
0.40040040040040037,0,5,piecewise
0.3983983983983984,0,5,piecewise
0.3973973973973974,1,5,piecewise
0.3963963963963964,0,5,piecewise
0.3943943943943944,0,5,piecewise
0.3923923923923924,0,5,piecewise
0.3933933933933934,1,5,piecewise
0.39039039039039036,0,5,piecewise
0.3883883883883884,0,5,piecewise
0.38738738738738737,1,5,piecewise
0.3863863863863864,0,5,piecewise
0.3843843843843844,0,5,piecewise
0.38238238238238237,0,5,piecewise
0.3833833833833834,1,5,piecewise
0.38038038038038036,0,5,piecewise
0.3783783783783784,0,5,piecewise
0.37737737737737737,1,5,piecewise
0.3763763763763764,0,5,piecewise
0.3743743743743744,0,5,piecewise
0.37237237237237236,0,5,piecewise
0.3733733733733734,1,5,piecewise
0.37037037037037035,0,5,piecewise
0.3683683683683684,0,5,piecewise
0.36736736736736736,1,5,piecewise
0.3663663663663664,0,5,piecewise
0.36436436436436437,0,5,piecewise
0.36236236236236236,0,5,piecewise
0.3613613613613614,1,5,piecewise
0.36036036036036034,0,5,piecewise
0.35835835835835833,0,5,piecewise
0.3563563563563564,0,5,piecewise
0.35735735735735735,1,5,piecewise
0.35435435435435436,0,5,piecewise
0.35235235235235235,0,5,piecewise
0.35135135135135137,1,5,piecewise
0.35035035035035034,0,5,piecewise
0.3483483483483483,0,5,piecewise
0.34634634634634637,0,5,piecewise
0.34734734734734735,1,5,piecewise
0.34434434434434436,0,5,piecewise
0.34234234234234234,0,5,piecewise
0.34134134134134136,1,5,piecewise
0.34034034034034033,0,5,piecewise
0.3383383383383383,0,5,piecewise
0.3363363363363363,0,5,piecewise
0.33733733733733734,1,5,piecewise
0.33433433433433435,0,5,piecewise
0.33233233233233234,0,5,piecewise
0.3313313313313313,1,5,piecewise
0.3303303303303303,0,5,piecewise
0.3283283283283283,0,5,piecewise
0.3263263263263263,0,5,piecewise
0.3253253253253253,1,5,piecewise
0.32432432432432434,0,5,piecewise
0.32232232232232233,0,5,piecewise
0.3203203203203203,0,5,piecewise
0.3213213213213213,1,5,piecewise
0.3183183183183183,0,5,piecewise
0.3163163163163163,0,5,piecewise
0.3153153153153153,1,5,piecewise
0.31431431431431434,0,5,piecewise
0.3123123123123123,0,5,piecewise
0.3103103103103103,0,5,piecewise
0.3113113113113113,1,5,piecewise
0.3083083083083083,0,5,piecewise
0.3063063063063063,0,5,piecewise
0.3053053053053053,1,5,piecewise
0.30430430430430433,0,5,piecewise
0.3023023023023023,0,5,piecewise
0.3003003003003003,0,5,piecewise
0.3013013013013013,1,5,piecewise
0.2982982982982983,0,5,piecewise
0.2962962962962963,0,5,piecewise
0.2952952952952953,1,5,piecewise
0.29429429429429427,0,5,piecewise
0.2922922922922923,0,5,piecewise
0.2902902902902903,0,5,piecewise
0.2912912912912913,1,5,piecewise
0.2882882882882883,0,5,piecewise
0.2862862862862863,0,5,piecewise
0.28428428428428426,0,5,piecewise
0.2852852852852853,1,5,piecewise
0.2822822822822823,0,5,piecewise
0.2802802802802803,0,5,piecewise
0.27927927927927926,1,5,piecewise
0.2782782782782783,0,5,piecewise
0.27627627627627627,0,5,piecewise
0.27427427427427425,0,5,piecewise
0.2752752752752753,1,5,piecewise
0.27227227227227224,0,5,piecewise
0.2702702702702703,0,5,piecewise
0.26926926926926925,1,5,piecewise
0.2682682682682683,0,5,piecewise
0.26626626626626626,0,5,piecewise
0.26426426426426425,0,5,piecewise
0.2652652652652653,1,5,piecewise
0.26226226226226224,0,5,piecewise
0.2602602602602603,0,5,piecewise
0.25925925925925924,1,5,piecewise
0.25825825825825827,0,5,piecewise
0.25625625625625625,0,5,piecewise
0.25425425425425424,0,5,piecewise
0.2552552552552553,1,5,piecewise
0.25225225225225223,0,5,piecewise
0.2502502502502503,0,5,piecewise
0.24824824824824826,0,5,piecewise
0.24924924924924924,1,5,piecewise
0.24624624624624625,0,5,piecewise
0.24424424424424424,0,5,piecewise
0.24324324324324323,1,5,piecewise
0.24224224224224225,0,5,piecewise
0.24024024024024024,0,5,piecewise
0.23823823823823823,0,5,piecewise
0.23923923923923923,1,5,piecewise
0.23623623623623624,0,5,piecewise
0.23423423423423423,0,5,piecewise
0.23323323323323322,1,5,piecewise
0.23223223223223222,0,5,piecewise
0.23023023023023023,0,5,piecewise
0.22822822822822822,0,5,piecewise
0.22922922922922923,1,5,piecewise
0.22622622622622623,0,5,piecewise
0.22422422422422422,0,5,piecewise
0.22322322322322322,1,5,piecewise
0.2222222222222222,0,5,piecewise
0.22022022022022023,0,5,piecewise
0.2182182182182182,0,5,piecewise
0.21921921921921922,1,5,piecewise
0.21621621621621623,0,5,piecewise
0.21421421421421422,0,5,piecewise
0.2132132132132132,1,5,piecewise
0.2122122122122122,0,5,piecewise
0.21021021021021022,0,5,piecewise
0.2082082082082082,0,5,piecewise
0.2072072072072072,1,5,piecewise
0.2062062062062062,0,5,piecewise
0.2042042042042042,0,5,piecewise
0.2022022022022022,0,5,piecewise
0.2032032032032032,1,5,piecewise
0.20020020020020018,0,5,piecewise
0.1981981981981982,0,5,piecewise
0.1971971971971972,1,5,piecewise
0.1961961961961962,0,5,piecewise
0.1941941941941942,0,5,piecewise
0.1921921921921922,0,5,piecewise
0.1931931931931932,1,5,piecewise
0.19019019019019018,0,5,piecewise
0.1881881881881882,0,5,piecewise
0.1871871871871872,1,5,piecewise
0.18618618618618618,0,5,piecewise
0.1841841841841842,0,5,piecewise
0.18218218218218218,0,5,piecewise
0.1831831831831832,1,5,piecewise
0.18018018018018017,0,5,piecewise
0.1781781781781782,0,5,piecewise
0.17717717717717718,1,5,piecewise
0.17617617617617617,0,5,piecewise
0.17417417417417416,0,5,piecewise
0.17217217217217218,0,5,piecewise
0.17117117117117117,1,5,piecewise
0.17017017017017017,0,5,piecewise
0.16816816816816815,0,5,piecewise
0.16616616616616617,0,5,piecewise
0.16716716716716717,1,5,piecewise
0.16416416416416416,0,5,piecewise
0.16216216216216217,0,5,piecewise
0.16116116116116116,1,5,piecewise
0.16016016016016016,0,5,piecewise
0.15815815815815815,0,5,piecewise
0.15615615615615616,0,5,piecewise
0.15715715715715717,1,5,piecewise
0.15415415415415415,0,5,piecewise
0.15215215215215216,0,5,piecewise
0.15115115115115116,1,5,piecewise
0.15015015015015015,0,5,piecewise
0.14814814814814814,0,5,piecewise
0.14614614614614616,0,5,piecewise
0.14714714714714713,1,5,piecewise
0.14414414414414414,0,5,piecewise
0.14214214214214213,0,5,piecewise
0.14114114114114115,1,5,piecewise
0.14014014014014015,0,5,piecewise
0.13813813813813813,0,5,piecewise
0.13613613613613612,0,5,piecewise
0.13713713713713713,1,5,piecewise
0.13413413413413414,0,5,piecewise
0.13213213213213212,0,5,piecewise
0.13013013013013014,0,5,piecewise
0.13113113113113112,1,5,piecewise
0.12812812812812813,0,5,piecewise
0.12612612612612611,0,5,piecewise
0.12512512512512514,1,5,piecewise
0.12412412412412413,0,5,piecewise
0.12212212212212212,0,5,piecewise
0.12012012012012012,0,5,piecewise
0.12112112112112113,1,5,piecewise
0.11811811811811812,0,5,piecewise
0.11611611611611611,0,5,piecewise
0.11511511511511512,1,5,piecewise
0.11411411411411411,0,5,piecewise
0.11211211211211211,0,5,piecewise
0.11011011011011011,0,5,piecewise
0.1111111111111111,1,5,piecewise
0.10810810810810811,0,5,piecewise
0.1061061061061061,0,5,piecewise
0.10510510510510511,1,5,piecewise
0.1041041041041041,0,5,piecewise
0.1021021021021021,0,5,piecewise
0.10010010010010009,0,5,piecewise
0.1011011011011011,1,5,piecewise
0.0980980980980981,0,5,piecewise
0.0960960960960961,0,5,piecewise
0.0940940940940941,0,5,piecewise
0.09509509509509509,1,5,piecewise
0.0920920920920921,0,5,piecewise
0.09009009009009009,0,5,piecewise
0.0890890890890891,1,5,piecewise
0.08808808808808809,0,5,piecewise
0.08608608608608609,0,5,piecewise
0.08408408408408408,0,5,piecewise
0.08508508508508508,1,5,piecewise
0.08208208208208208,0,5,piecewise
0.08008008008008008,0,5,piecewise
0.07907907907907907,1,5,piecewise
0.07807807807807808,0,5,piecewise
0.07607607607607608,0,5,piecewise
0.07407407407407407,0,5,piecewise
0.07507507507507508,1,5,piecewise
0.07207207207207207,0,5,piecewise
0.07007007007007007,0,5,piecewise
0.06906906906906907,1,5,piecewise
0.06806806806806806,0,5,piecewise
0.06606606606606606,0,5,piecewise
0.06406406406406406,0,5,piecewise
0.06506506506506507,1,5,piecewise
0.062062062062062065,0,5,piecewise
0.06006006006006006,0,5,piecewise
0.05905905905905906,1,5,piecewise
0.058058058058058054,0,5,piecewise
0.056056056056056056,0,5,piecewise
0.05405405405405406,0,5,piecewise
0.05305305305305305,1,5,piecewise
0.05205205205205205,0,5,piecewise
0.050050050050050046,0,5,piecewise
0.04804804804804805,0,5,piecewise
0.04904904904904905,1,5,piecewise
0.04604604604604605,0,5,piecewise
0.044044044044044044,0,5,piecewise
0.043043043043043044,1,5,piecewise
0.04204204204204204,0,5,piecewise
0.04004004004004004,0,5,piecewise
0.03803803803803804,0,5,piecewise
0.03903903903903904,1,5,piecewise
0.036036036036036036,0,5,piecewise
0.03403403403403403,0,5,piecewise
0.03303303303303303,1,5,piecewise
0.03203203203203203,0,5,piecewise
0.03003003003003003,0,5,piecewise
0.028028028028028028,0,5,piecewise
0.029029029029029027,1,5,piecewise
0.026026026026026026,0,5,piecewise
0.024024024024024024,0,5,piecewise
0.023023023023023025,1,5,piecewise
0.022022022022022022,0,5,piecewise
0.02002002002002002,0,5,piecewise
0.018018018018018018,0,5,piecewise
0.017017017017017015,1,5,piecewise
0.016016016016016016,0,5,piecewise
0.014014014014014014,0,5,piecewise
0.012012012012012012,0,5,piecewise
0.013013013013013013,1,5,piecewise
0.01001001001001001,0,5,piecewise
0.008008008008008008,0,5,piecewise
0.007007007007007007,1,5,piecewise
0.006006006006006006,0,5,piecewise
0.004004004004004004,0,5,piecewise
0.002002002002002002,0,5,piecewise
0.003003003003003003,1,5,piecewise
0.0,0,5,piecewise
